case_id,jurisdiction,officer_id,reporting_district,chp_shift,population,county_city_location,county_location,special_condition,beat_type,chp_beat_type,chp_beat_class,beat_number,primary_road,secondary_road,distance,direction,intersection,weather_1,state_highway_indicator,caltrans_county,caltrans_district,state_route,postmile,location_type,side_of_highway,tow_away,collision_severity,killed_victims,injured_victims,party_count,primary_collision_factor,pcf_violation_category,pcf_violation,pcf_violation_subsection,hit_and_run,type_of_collision,motor_vehicle_involved_with,pedestrian_action,road_surface,road_condition_1,lighting,control_device,chp_road_type,pedestrian_collision,bicycle_collision,motorcycle_collision,truck_collision,not_private_property,statewide_vehicle_type_at_fault,chp_vehicle_type_at_fault,severe_injury_count,other_visible_injury_count,complaint_of_pain_injury_count,pedestrian_killed_count,pedestrian_injured_count,bicyclist_killed_count,bicyclist_injured_count,motorcyclist_killed_count,motorcyclist_injured_count,latitude,longitude,collision_date,collision_time,process_date
8000993.0,1942.0,39335,1676,not chp,>250000,1942,los angeles,0.0,not chp,not chp,not chp,9TL56,NETTLETON ST,GLENOAKS,300.0,west,0.0,clear,0.0,,,,,,,0.0,property damage only,0.0,0.0,2.0,vehicle code violation,improper turning,22107.0,,misdemeanor,rear end,parked motor vehicle,no pedestrian involved,dry,normal,daylight,none,0,0,0,0,0,1.0,,unknown hit and run vehicle involvement,0,0,0,0,0,0,0,0,0.0,,,2016-03-20,16:30:00,2016-03-30
4232117.0,3008.0,1284,Z2,not chp,100000 to 250000,3008,orange,0.0,not chp,not chp,not chp,,HARBOR BL,BROOKDALE,160.0,south,0.0,clear,0.0,,,,,,,1.0,other injury,0.0,1.0,1.0,vehicle code violation,dui,23152.0,A,misdemeanor,hit object,fixed object,no pedestrian involved,dry,normal,daylight,none,0,0,0,0,0,1.0,pickup or panel truck,pickups & panels,0,1,0,0,0,0,0,0,0.0,,,2009-04-13,18:24:00,2009-11-30
91389627.0,9285.0,019223,,1400 thru 2159,unincorporated,5800,yuba,0.0,chp county roadline,county road line,chp primary,041,NORTH BEALE RD,LINDHURST AVE,329.0,north,0.0,cloudy,0.0,,,,,,,1.0,pain,0.0,1.0,1.0,vehicle code violation,improper turning,22107.0,,not hit and run,hit object,fixed object,no pedestrian involved,dry,normal,dusk or dawn,none,0,0,0,0,0,1.0,passenger car,"passenger car, station",0,0,1,0,0,0,0,0,0.0,39.12512,-121.57211,2021-01-09,18:15:00,2021-01-18
3589817.0,3610.0,50586,3610,not chp,100000 to 250000,3610,san bernardino,0.0,not chp,not chp,not chp,,N MOUNTAIN VIEW AV,W BASELINE ST,0.0,,1.0,clear,0.0,,,,,,,0.0,property damage only,0.0,0.0,2.0,vehicle code violation,traffic signals and signs,21453.0,A,misdemeanor,,other motor vehicle,no pedestrian involved,dry,normal,dark with street lights,functioning,0,0,0,0,0,1.0,other bus,other commercial,0,0,0,0,0,0,0,0,0.0,,,2007-06-16,21:50:00,2008-03-11
9111695.0,1900.0,649318,0261,not chp,25000 to 50000,1917,los angeles,0.0,not chp,not chp,not chp,26T,ATLANTIC AV,CLARA ST,15.0,south,0.0,clear,0.0,,,,,,,1.0,property damage only,0.0,0.0,2.0,vehicle code violation,improper turning,22107.0,,misdemeanor,rear end,other motor vehicle,no pedestrian involved,dry,normal,daylight,none,0,0,0,0,0,1.0,passenger car,"passenger car, station",0,0,0,0,0,0,0,0,0.0,,,2020-04-14,17:56:00,2020-08-03
90742339.0,9265.0,017989,,0600 thru 1359,unincorporated,3900,san joaquin,0.0,chp state highway,interstate,chp other,505,I-5 S/B,SR-12,200.0,south,0.0,raining,1.0,,,,,,,0.0,property damage only,0.0,0.0,2.0,vehicle code violation,speeding,22350.0,,not hit and run,sideswipe,other motor vehicle,no pedestrian involved,wet,normal,daylight,none,0,0,0,0,1,1.0,passenger car,"passenger car, station",0,0,0,0,0,0,0,0,0.0,38.1141,-121.39723,2018-05-25,06:05:00,2018-06-06
5968565.0,1201.0,592,A205,not chp,10000 to 25000,1201,humboldt,0.0,not chp,not chp,not chp,00N,WEST END RD,GIUNTOLI LN,136.0,south,0.0,cloudy,0.0,,,,,,,1.0,property damage only,0.0,0.0,2.0,vehicle code violation,unsafe starting or backing,22106.0,,not hit and run,broadside,other motor vehicle,no pedestrian involved,dry,normal,daylight,none,0,0,0,0,0,1.0,,,0,0,0,0,0,0,0,0,0.0,,,2012-10-09,08:09:00,2014-04-07
1703771.0,2803.0,6,,not chp,2500 to 10000,2803,napa,0.0,not chp,not chp,not chp,,MAIN ST,POPE ST,168.0,south,0.0,clear,1.0,napa,4.0,29.0,28.46,highway,northbound,0.0,property damage only,0.0,0.0,2.0,vehicle code violation,unsafe starting or backing,22106.0,,not hit and run,sideswipe,other motor vehicle,no pedestrian involved,dry,normal,daylight,none,0,0,0,0,0,1.0,,,0,0,0,0,0,0,0,0,0.0,,,2004-11-02,11:45:00,2005-06-30
1665179.0,1900.0,439638,0331,not chp,25000 to 50000,1939,los angeles,0.0,not chp,not chp,not chp,35T1,HAWTHORNE BL,149TH ST,100.0,south,0.0,clear,0.0,,,,,,,0.0,property damage only,0.0,0.0,2.0,vehicle code violation,following too closely,21703.0,,misdemeanor,rear end,other motor vehicle,no pedestrian involved,dry,normal,daylight,none,0,0,0,0,0,1.0,passenger car,,0,0,0,0,0,0,0,0,0.0,,,2004-09-18,11:20:00,2005-05-10
90988506.0,9535.0,022176,,1400 thru 2159,unincorporated,1900,los angeles,0.0,chp county roadarea,county road area,chp other,002,BONNIE BEACH BOULEVARD (900 BLOCK),WHITTIER BOULEVARD,25.0,south,0.0,clear,0.0,,,,,,,0.0,property damage only,0.0,0.0,2.0,vehicle code violation,unsafe starting or backing,22106.0,,not hit and run,sideswipe,other motor vehicle,no pedestrian involved,dry,normal,daylight,none,0,0,0,0,0,1.0,passenger car,"passenger car, station",0,0,0,0,0,0,0,0,0.0,34.0237,-118.1813,2019-05-03,14:05:00,2019-05-14
2341357.0,1926.0,8602,,not chp,50000 to 100000,1926,los angeles,0.0,not chp,not chp,not chp,002,GRAND,GLADSTONE,0.0,,1.0,clear,0.0,,,,,,,1.0,pain,0.0,2.0,2.0,vehicle code violation,traffic signals and signs,21453.0,A,not hit and run,broadside,other motor vehicle,no pedestrian involved,dry,normal,daylight,functioning,0,0,0,0,0,1.0,passenger car,"passenger car, station",0,0,2,0,0,0,0,0,0.0,,,2005-11-13,14:27:00,2006-03-29
1272600.0,9340.0,10210,,0600 thru 1359,50000 to 100000,4303,santa clara,0.0,chp state highway,interstate,chp other,282,RT 280,TANTAU AV,400.0,north,0.0,cloudy,1.0,santa clara,4.0,280.0,7.92,highway,northbound,0.0,property damage only,0.0,0.0,2.0,vehicle code violation,speeding,22350.0,,not hit and run,rear end,other motor vehicle,no pedestrian involved,dry,normal,dusk or dawn,none,1,0,0,0,0,1.0,passenger car,"passenger car, station",0,0,0,0,0,0,0,0,0.0,,,2004-01-29,08:25:00,2004-12-13
2667341.0,9345.0,017765,,1400 thru 2159,100000 to 250000,105,alameda,0.0,chp state highway,interstate,chp other,070,RT 880,AUTO MALL PKWY,500.0,east,0.0,clear,1.0,alameda,4.0,880.0,4.888,ramp,northbound,0.0,other injury,0.0,1.0,2.0,vehicle code violation,speeding,22350.0,,not hit and run,other,bicycle,no pedestrian involved,dry,normal,daylight,none,1,0,1,0,0,1.0,passenger car,mini-vans,0,1,0,0,0,0,1,0,0.0,,,2006-05-11,15:30:00,2006-09-21
90608430.0,9580.0,021544,,0600 thru 1359,>250000,1942,los angeles,0.0,chp state highway,us highway,chp other,101,US-101 S/B (VENTURA FREEWAY),LAUREL CANYON BLVD,50.0,north,0.0,clear,1.0,,,,,,,1.0,pain,0.0,1.0,3.0,vehicle code violation,speeding,22350.0,,not hit and run,rear end,other motor vehicle,no pedestrian involved,dry,normal,daylight,none,0,0,0,0,0,1.0,passenger car,"passenger car, station",0,0,1,0,0,0,0,0,0.0,34.15436,-118.39676,2017-11-19,12:14:00,2017-12-01
4923989.0,9252.0,14288,,0600 thru 1359,>250000,3404,sacramento,0.0,chp state highway,state route,chp other,192,RT 99,47TH AV,1584.0,south,0.0,clear,1.0,sacramento,3.0,99.0,20.56,highway,northbound,0.0,property damage only,0.0,0.0,3.0,vehicle code violation,speeding,22350.0,,not hit and run,rear end,other motor vehicle,no pedestrian involved,dry,normal,daylight,none,1,0,0,0,0,1.0,passenger car,sport utility vehicle,0,0,0,0,0,0,0,0,0.0,38.5048,-121.45515,2010-10-11,08:35:00,2012-03-13
90989650.0,9540.0,021179,,1400 thru 2159,unincorporated,1900,los angeles,0.0,chp state highway,interstate,chp other,508,I-5 NORTHBOUND,CHP ROAD,3696.0,south,0.0,clear,1.0,,,,,,,1.0,pain,0.0,3.0,1.0,other than driver,other than driver (or pedestrian),,,not hit and run,hit object,fixed object,no pedestrian involved,dry,normal,daylight,none,0,0,0,0,0,1.0,,,0,0,3,0,0,0,0,0,0.0,34.54083,-118.65923,2019-05-06,15:25:00,2019-05-16
4927839.0,1942.0,40154,2002,not chp,>250000,1942,los angeles,0.0,not chp,not chp,not chp,20A14,MELROSE AV,WESTERN AV,0.0,,1.0,clear,0.0,,,,,,,0.0,property damage only,0.0,0.0,2.0,vehicle code violation,automobile right of way,21801.0,A,not hit and run,broadside,other motor vehicle,no pedestrian involved,dry,normal,daylight,functioning,0,0,0,0,0,1.0,pickup or panel truck,pickups & panels,0,0,0,0,0,0,0,0,0.0,,,2010-09-17,17:30:00,2011-09-19
6784168.0,1942.0,30830,1622,not chp,>250000,1942,los angeles,0.0,not chp,not chp,not chp,16T23,SAN FERNANDO RD,VAN NUYS BL,885.0,north,0.0,clear,0.0,,,,,,,1.0,property damage only,0.0,0.0,2.0,other improper driving,other improper driving,,,misdemeanor,other,train,no pedestrian involved,,,daylight,none,0,0,0,0,0,1.0,passenger car,"passenger car, station",0,0,0,0,0,0,0,0,0.0,,,2015-01-05,06:46:00,2015-07-29
8532932.0,3705.0,EC0317,,not chp,50000 to 100000,3705,san diego,0.0,not chp,not chp,not chp,006,MAIN,MARSHALL,0.0,,1.0,clear,0.0,,,,,,,1.0,pain,0.0,1.0,2.0,vehicle code violation,automobile right of way,21453.0,C,not hit and run,head-on,other motor vehicle,no pedestrian involved,dry,normal,dark with street lights,functioning,0,0,0,0,0,1.0,passenger car,"passenger car, station",0,0,1,0,0,0,0,0,0.0,,,2017-10-14,23:30:00,2018-01-12
4235593.0,1005.0,P955,NE066,not chp,>250000,1005,fresno,0.0,not chp,not chp,not chp,00A,POPPY HILLS DR,BEARD,0.0,,,clear,0.0,,,,,,,0.0,property damage only,0.0,0.0,2.0,other improper driving,other improper driving,,,misdemeanor,other,other motor vehicle,no pedestrian involved,dry,normal,dusk or dawn,none,0,0,0,0,0,1.0,pickup or panel truck,pickups & panels,0,0,0,0,0,0,0,0,0.0,,,2009-05-10,05:10:00,2009-12-29
91466906.0,9530.0,021059,,1400 thru 2159,>250000,1941,los angeles,0.0,chp state highway,interstate,chp other,420,I-405 S/B (SAN DIEGO FREEWAY),CASPIAN AVE,500.0,south,0.0,clear,1.0,,,,,,,1.0,property damage only,0.0,0.0,2.0,vehicle code violation,speeding,22350.0,,not hit and run,rear end,other motor vehicle,no pedestrian involved,dry,normal,dark with street lights,none,0,0,0,0,0,1.0,passenger car,sport utility vehicle,0,0,0,0,0,0,0,0,0.0,33.82604,-118.21189,2021-04-29,21:25:00,2021-05-06
368445.0,4314.0,H8177,,not chp,100000 to 250000,4314,santa clara,0.0,not chp,not chp,not chp,004,MONROE ST,AUGUSTA PL,0.0,,1.0,clear,0.0,,,,,,,,property damage only,0.0,0.0,2.0,vehicle code violation,improper turning,22107.0,,misdemeanor,broadside,other motor vehicle,no pedestrian involved,dry,normal,dark with street lights,none,0,0,0,0,0,1.0,passenger car,,0,0,0,0,0,0,0,0,0.0,,,2002-08-19,21:31:00,2002-12-12
90559972.0,9745.0,019809,,1400 thru 2159,unincorporated,4000,san luis obispo,0.0,chp state highway,state route,chp other,023,SR-1 S/B,HIGHLAND DR,1500.0,north,0.0,clear,1.0,,,,,,,0.0,property damage only,0.0,0.0,1.0,other than driver,other than driver (or pedestrian),,,not hit and run,other,animal,no pedestrian involved,dry,normal,dark with street lights,none,0,0,0,0,0,1.0,,,0,0,0,0,0,0,0,0,0.0,35.29989,-120.67526,2017-09-27,21:00:00,2017-09-29
81387924.0,3300.0,5873,Y82,not chp,10000 to 25000,3305,riverside,0.0,not chp,not chp,not chp,Y82,CESAR CHAVEZ ST,54TH AV,0.0,,1.0,clear,0.0,,,,,,,1.0,pain,0.0,1.0,2.0,vehicle code violation,traffic signals and signs,21453.0,A,not hit and run,broadside,other motor vehicle,no pedestrian involved,dry,normal,daylight,functioning,0,0,0,0,0,1.0,passenger car,"passenger car, station",0,0,1,0,0,0,0,0,0.0,33.65657,-116.18175,2020-12-23,15:17:00,2021-01-15
1115961.0,3600.0,B1098,RC055,not chp,100000 to 250000,3616,san bernardino,0.0,not chp,not chp,not chp,RC01,CARNELIAN AV,BASELINE RD,0.0,south,,clear,0.0,,,,,,,0.0,property damage only,0.0,0.0,2.0,vehicle code violation,improper turning,22107.0,,not hit and run,broadside,other motor vehicle,no pedestrian involved,dry,normal,daylight,functioning,0,0,0,0,0,1.0,pickup or panel truck,,0,0,0,0,0,0,0,0,0.0,,,2003-11-06,15:18:00,2004-02-19
2621969.0,3014.0,1236,67,not chp,50000 to 100000,3014,orange,0.0,not chp,not chp,not chp,044,RT 1,NEWPORT COAST DR,91.0,east,0.0,clear,1.0,orange,12.0,1.0,14.08,highway,northbound,0.0,pain,0.0,1.0,2.0,vehicle code violation,speeding,22350.0,,not hit and run,rear end,other motor vehicle,no pedestrian involved,dry,normal,daylight,functioning,0,0,0,0,0,1.0,passenger car,,0,0,1,0,0,0,0,0,0.0,,,2006-05-09,17:28:00,2006-08-31
1429470.0,3711.0,3201,,not chp,>250000,3711,san diego,0.0,not chp,not chp,not chp,113,MORENA BL,AVATI DR,1584.0,south,0.0,clear,0.0,,,,,,,0.0,other injury,0.0,1.0,1.0,vehicle code violation,,,,not hit and run,other,other object,no pedestrian involved,dry,holes,daylight,none,0,0,1,0,0,1.0,,,0,1,0,0,0,0,1,0,0.0,,,2004-05-18,13:10:00,2004-07-29
9.645010210234016e+18,9645.0,15276,0,2200 thru 0559,>250000,3711,san diego,,chp state highway,state route,chp other,21,RT 15,RT 94 OC,1584.0,north,0.0,cloudy,1.0,san diego,11.0,15.0,2.54,highway,northbound,1.0,property damage only,0.0,0.0,2.0,vehicle code violation,speeding,22350.0,,not hit and run,sideswipe,other motor vehicle,no pedestrian involved,wet,normal,dark with no street lights,none,0,0,0,0,0,1.0,passenger car,"passenger car, station",0,0,0,0,0,0,0,0,0.0,,,2001-02-10,23:40:00,2001-06-18
4543018.0,1942.0,34482,0943,not chp,>250000,1942,los angeles,0.0,not chp,not chp,not chp,15TL47,HAZELTINE AV,HATTERAS ST,75.0,south,0.0,raining,0.0,,,,,,,0.0,property damage only,0.0,0.0,2.0,vehicle code violation,speeding,22350.0,,misdemeanor,broadside,parked motor vehicle,no pedestrian involved,wet,normal,dark with street lights,none,0,0,0,0,0,1.0,,unknown hit and run vehicle involvement,0,0,0,0,0,0,0,0,0.0,,,2009-12-12,11:20:00,2010-10-01
205500.0,1900.0,435542,1349,not chp,10000 to 25000,1903,los angeles,0.0,not chp,not chp,not chp,134T1,186TH ST,PIONEER BL,158.0,west,0.0,clear,0.0,,,,,,,0.0,property damage only,0.0,0.0,2.0,vehicle code violation,automobile right of way,21801.0,A,not hit and run,head-on,other motor vehicle,no pedestrian involved,dry,normal,daylight,none,0,0,0,0,0,1.0,passenger car,,0,0,0,0,0,0,0,0,0.0,,,2002-05-26,17:00:00,2002-09-17
90422044.0,9365.0,018702,,1400 thru 2159,unincorporated,4800,solano,0.0,chp county roadarea,county road area,chp other,040,PORTER RD,PORTER ST,0.0,,1.0,clear,0.0,,,,,,,1.0,severe injury,0.0,1.0,2.0,vehicle code violation,automobile right of way,21802.0,A,not hit and run,broadside,other motor vehicle,no pedestrian involved,dry,normal,daylight,functioning,0,0,0,0,0,1.0,passenger car,mini-vans,1,0,0,0,0,0,0,0,0.0,38.41703,-121.85094,2017-03-10,16:45:00,2017-03-28
4048566.0,9360.0,17693,,1400 thru 2159,unincorporated,4900,sonoma,0.0,chp county roadline,county road line,chp primary,032,FULTON RD,RIVER RD,200.0,north,0.0,clear,0.0,,,,,,,0.0,property damage only,0.0,0.0,2.0,vehicle code violation,automobile right of way,21804.0,A,not hit and run,sideswipe,other motor vehicle,no pedestrian involved,dry,normal,daylight,none,0,0,0,0,0,1.0,passenger car,"passenger car, station",0,0,0,0,0,0,0,0,0.0,,,2008-12-19,16:21:00,2009-08-07
6780090.0,9765.0,020882,,0600 thru 1359,unincorporated,5600,ventura,0.0,chp state highway,state route,chp primary,055,RT 118,CLUBHOUSE DR,125.0,east,0.0,clear,1.0,,,,,,,0.0,property damage only,0.0,0.0,2.0,vehicle code violation,speeding,22350.0,,not hit and run,rear end,other motor vehicle,no pedestrian involved,dry,normal,daylight,none,0,0,0,0,0,1.0,passenger car,sport utility vehicle,0,0,0,0,0,0,0,0,0.0,34.25712,-119.11068,2014-12-30,12:55:00,2015-07-16
5929918.0,9250.0,18260,,0600 thru 1359,unincorporated,3400,sacramento,0.0,chp county roadarea,county road area,chp other,040,HURLEY WY,FULTON AV,100.0,west,0.0,cloudy,0.0,,,,,,,1.0,property damage only,0.0,0.0,2.0,vehicle code violation,automobile right of way,21801.0,A,not hit and run,broadside,other motor vehicle,no pedestrian involved,dry,normal,daylight,none,0,0,0,0,0,1.0,pickup or panel truck,pickups & panels,0,0,0,0,0,0,0,0,0.0,,,2013-02-07,12:50:00,2014-07-10
90955054.0,9525.0,020216,,0600 thru 1359,100000 to 250000,1975,los angeles,0.0,chp state highway,interstate,chp other,104,I-10 E/B (SAN BERNARDINO FWY),VINCENT AVE,528.0,east,0.0,clear,1.0,,,,,,,0.0,property damage only,0.0,0.0,2.0,vehicle code violation,speeding,22350.0,,misdemeanor,rear end,other motor vehicle,no pedestrian involved,dry,normal,dark with street lights,none,0,0,0,0,0,1.0,,unknown hit and run vehicle involvement,0,0,0,0,0,0,0,0,0.0,34.07225,-117.92606,2019-03-26,06:20:00,2019-03-27
2236878.0,9860.0,14421,,1400 thru 2159,25000 to 50000,3640,san bernardino,0.0,chp state highway,interstate,chp other,034,RT 10,YUCAIPA BL,2112.0,west,0.0,clear,1.0,san bernardino,8.0,10.0,35.0,highway,westbound,0.0,property damage only,0.0,0.0,2.0,vehicle code violation,unsafe lane change,21658.0,A,not hit and run,sideswipe,other motor vehicle,no pedestrian involved,dry,normal,daylight,none,1,0,0,0,1,1.0,pickup or panel truck,pickups & panels,0,0,0,0,0,0,0,0,0.0,,,2005-09-14,16:51:00,2006-03-01
5527490.0,4113.0,369,2,not chp,50000 to 100000,4113,san mateo,0.0,not chp,not chp,not chp,002,JEFFERSON AV,MARSHALL ST,21.0,east,0.0,cloudy,0.0,,,,,,,0.0,pain,0.0,1.0,2.0,vehicle code violation,speeding,22350.0,,not hit and run,rear end,other motor vehicle,no pedestrian involved,wet,normal,daylight,functioning,0,0,0,0,0,1.0,passenger car,"passenger car, station",0,0,1,0,0,0,0,0,0.0,,,2012-03-16,16:27:00,2013-08-05
4351204.0,9590.0,19242,,1400 thru 2159,>250000,1942,los angeles,0.0,chp state highway,interstate,chp other,041,RT 5,EUCLID AV,100.0,south,0.0,clear,1.0,los angeles,7.0,5.0,16.03,highway,southbound,0.0,property damage only,0.0,0.0,2.0,vehicle code violation,,,,not hit and run,rear end,other motor vehicle,no pedestrian involved,dry,normal,daylight,none,1,0,0,0,0,1.0,passenger car,sport utility vehicle,0,0,0,0,0,0,0,0,0.0,34.0267,-118.20922,2009-06-30,17:00:00,2010-04-21
3384140.0,1900.0,431183,2814,not chp,50000 to 100000,1915,los angeles,0.0,not chp,not chp,not chp,282T1,COMPTON BL,ACACIA AV,34.0,east,0.0,clear,0.0,,,,,,,0.0,property damage only,0.0,0.0,2.0,vehicle code violation,following too closely,21703.0,,not hit and run,rear end,other motor vehicle,no pedestrian involved,dry,normal,daylight,functioning,0,0,0,0,0,1.0,pickup or panel truck,,0,0,0,0,0,0,0,0,0.0,,,2007-09-04,12:25:00,2008-03-07
8381219.0,4908.0,2939,13,not chp,50000 to 100000,4908,sonoma,0.0,not chp,not chp,not chp,004,WEAVERLY DR,PARK LN,0.0,,1.0,clear,0.0,,,,,,,1.0,property damage only,0.0,0.0,2.0,vehicle code violation,automobile right of way,21802.0,A,not hit and run,broadside,other motor vehicle,no pedestrian involved,dry,normal,daylight,functioning,0,0,0,0,0,1.0,passenger car,"passenger car, station",0,0,0,0,0,0,0,0,0.0,38.2465,-122.61625,2017-05-30,10:50:00,2017-06-08
3702822.0,1942.0,37695,1116,not chp,>250000,1942,los angeles,0.0,not chp,not chp,not chp,4T43,AVENUE 53,IRVINGTON PL,250.0,south,0.0,clear,0.0,,,,,,,0.0,other injury,0.0,1.0,2.0,vehicle code violation,pedestrian violation,21955.0,,felony,pedestrian,pedestrian,crossing not in crosswalk,dry,normal,dark with street lights,none,0,1,0,0,0,1.0,pedestrian,pedestrian,0,1,0,0,1,0,0,0,0.0,,,2008-03-17,20:40:00,2008-10-02
3689881.0,3711.0,6258,,not chp,>250000,3711,san diego,0.0,not chp,not chp,not chp,621,LINDA VISTA RD,WHEATLEY ST,0.0,,1.0,clear,0.0,,,,,,,1.0,pain,0.0,1.0,2.0,vehicle code violation,speeding,22350.0,,not hit and run,broadside,other motor vehicle,no pedestrian involved,dry,normal,daylight,functioning,0,0,0,0,0,1.0,,,0,0,1,0,0,0,0,0,0.0,,,2008-04-10,07:38:00,2008-11-07
3526107.0,4903.0,573,CENTR,not chp,10000 to 25000,4903,sonoma,0.0,not chp,not chp,not chp,003,S FITCH MOUNTAIN RD,ALMOND WY,52.0,west,0.0,raining,0.0,,,,,,,1.0,property damage only,0.0,0.0,1.0,other than driver,other than driver (or pedestrian),,,not hit and run,hit object,fixed object,no pedestrian involved,wet,normal,dark with street lights,,0,0,0,0,0,1.0,,,0,0,0,0,0,0,0,0,0.0,,,2008-01-04,05:49:00,2008-08-08
342197.0,5600.0,3172,5160,not chp,25000 to 50000,5690,ventura,0.0,not chp,not chp,not chp,02A,MOUNTAIN TRAIL RD,AMBER VIEW CT,20.0,west,0.0,clear,0.0,,,,,,,1.0,pain,0.0,1.0,1.0,vehicle code violation,improper turning,22107.0,,not hit and run,hit object,fixed object,no pedestrian involved,dry,normal,daylight,none,0,0,0,0,0,1.0,passenger car,,0,0,1,0,0,0,0,0,0.0,,,2002-08-06,15:44:00,2002-11-08
4004211.0,9250.0,17431,,0600 thru 1359,unincorporated,3400,sacramento,0.0,chp county roadline,county road line,chp primary,011,WATT AV,I ST,30.0,north,0.0,clear,0.0,,,,,,,0.0,property damage only,0.0,0.0,3.0,vehicle code violation,speeding,22350.0,,not hit and run,rear end,other motor vehicle,no pedestrian involved,dry,normal,daylight,functioning,0,0,0,0,0,1.0,other bus,paratransit,0,0,0,0,0,0,0,0,0.0,,,2009-01-03,12:00:00,2009-08-28
2630542.0,1942.0,35725,891,not chp,>250000,1942,los angeles,0.0,not chp,not chp,not chp,8A59,PICO BL,BUNDY DR,50.0,west,0.0,clear,0.0,,,,,,,1.0,other injury,0.0,2.0,3.0,vehicle code violation,wrong side of road,21650.0,,not hit and run,head-on,other motor vehicle,no pedestrian involved,dry,normal,dark with street lights,functioning,0,0,0,0,0,1.0,,,0,1,1,0,0,0,0,0,0.0,,,2006-05-10,21:50:00,2006-08-16
8805721.0,1941.0,10993,,not chp,>250000,1941,los angeles,0.0,not chp,not chp,not chp,,ANAHEIM ST,CHESTNUT AV,0.0,,1.0,clear,0.0,,,,,,,1.0,property damage only,0.0,0.0,2.0,vehicle code violation,speeding,22350.0,,not hit and run,rear end,,no pedestrian involved,dry,normal,daylight,functioning,0,0,0,0,0,1.0,,,0,0,0,0,0,0,0,0,0.0,,,2019-01-29,18:52:00,2019-02-21
90350585.0,9465.0,018457,,1400 thru 2159,unincorporated,5000,stanislaus,0.0,chp county roadarea,county road area,chp other,040,VIVIAN ROAD,GRAYSON ROAD,0.0,,1.0,clear,0.0,,,,,,,0.0,property damage only,0.0,0.0,1.0,vehicle code violation,traffic signals and signs,22450.0,A,not hit and run,hit object,fixed object,no pedestrian involved,dry,normal,dark with no street lights,functioning,0,0,0,0,0,1.0,passenger car,sport utility vehicle,0,0,0,0,0,0,0,0,0.0,37.56591,-121.04855,2016-12-14,17:40:00,2016-12-21
4071940.0,9540.0,19131,,0600 thru 1359,unincorporated,1900,los angeles,0.0,chp state highway,interstate,chp other,507,RT 5,PICO CANYON RD,600.0,south,0.0,clear,1.0,los angeles,7.0,5.0,50.22,highway,southbound,0.0,property damage only,0.0,0.0,3.0,vehicle code violation,speeding,22350.0,,not hit and run,rear end,other motor vehicle,no pedestrian involved,dry,normal,daylight,none,1,0,0,0,0,1.0,emergency vehicle,police car,0,0,0,0,0,0,0,0,0.0,34.3758,-118.56381,2008-12-20,12:08:00,2009-09-02
91245646.0,9550.0,018854,,0600 thru 1359,100000 to 250000,1920,los angeles,0.0,chp state highway,interstate,chp other,500,I-5 S/B,FLORENCE AVENUE,750.0,north,0.0,clear,1.0,,,,,,,1.0,property damage only,0.0,0.0,2.0,vehicle code violation,improper turning,22107.0,,not hit and run,sideswipe,other motor vehicle,no pedestrian involved,dry,construction,daylight,none,0,0,0,0,1,1.0,pickup or panel truck,pickups & panels,0,0,0,0,0,0,0,0,0.0,33.93714,-118.09412,2020-05-30,10:50:00,2020-06-01
870232.0,1976.0,489,1976,not chp,50000 to 100000,1976,los angeles,0.0,not chp,not chp,not chp,001,WHITTIER BL,PALM AV,62.0,west,0.0,clear,1.0,los angeles,7.0,72.0,5.59,highway,southbound,0.0,pain,0.0,1.0,3.0,vehicle code violation,following too closely,21703.0,,not hit and run,rear end,other motor vehicle,no pedestrian involved,dry,normal,daylight,none,0,0,0,0,0,1.0,passenger car,,0,0,1,0,0,0,0,0,0.0,,,2003-05-28,15:08:00,2004-01-28
112679.0,1942.0,33183,699,not chp,>250000,1942,los angeles,0.0,not chp,not chp,not chp,6T11,ROSEWOOD DR,SERRANO AV,55.0,east,0.0,clear,0.0,,,,,,,0.0,property damage only,0.0,0.0,2.0,vehicle code violation,speeding,22350.0,,misdemeanor,rear end,parked motor vehicle,no pedestrian involved,dry,normal,dark with street lights,none,0,0,0,0,0,1.0,passenger car,,0,0,0,0,0,0,0,0,0.0,,,2002-03-10,20:50:00,2002-08-01
7076890.0,1942.0,41621,1826,not chp,>250000,1942,los angeles,0.0,not chp,not chp,not chp,18A63,COMPTON AV,103RD ST,0.0,,1.0,clear,0.0,,,,,,,1.0,pain,0.0,2.0,3.0,vehicle code violation,traffic signals and signs,22450.0,A,not hit and run,broadside,other motor vehicle,no pedestrian involved,dry,normal,daylight,not functioning,0,0,0,0,0,1.0,passenger car,"passenger car, station",0,0,2,0,0,0,0,0,0.0,,,2015-09-12,10:25:00,2015-10-03
3.4000104132000015e+18,3400.0,1422,341,not chp,50000 to 100000,3447,sacramento,,not chp,not chp,not chp,004,GREENBACK LN,SYLVAN RD,0.0,,1.0,clear,0.0,,0.0,0.0,0.0,,,0.0,property damage only,0.0,0.0,2.0,vehicle code violation,speeding,22350.0,,misdemeanor,rear end,other motor vehicle,no pedestrian involved,dry,normal,dark with street lights,none,0,0,0,0,0,1.0,passenger car,00,0,0,0,0,0,0,0,0,0.0,,,2001-04-13,20:00:00,2001-07-20
6399287.0,9465.0,018274,,0600 thru 1359,unincorporated,5000,stanislaus,0.0,chp state highway,state route,chp other,013,RT 108,PELANDALE AV,189.0,north,0.0,cloudy,1.0,stanislaus,10.0,108.0,26.02,highway,eastbound,1.0,property damage only,0.0,0.0,2.0,vehicle code violation,speeding,22350.0,,not hit and run,rear end,other motor vehicle,no pedestrian involved,dry,normal,daylight,none,0,0,0,0,0,1.0,,,0,0,0,0,0,0,0,0,0.0,37.7006,-120.99461,2014-02-19,11:19:00,2016-01-06
6298732.0,3610.0,50732,,not chp,100000 to 250000,3610,san bernardino,0.0,not chp,not chp,not chp,,WATERMAN AV,RT 215,0.0,,1.0,clear,1.0,,,,,,,1.0,other injury,0.0,3.0,2.0,vehicle code violation,automobile right of way,21801.0,A,not hit and run,head-on,other motor vehicle,no pedestrian involved,dry,normal,daylight,none,0,0,0,0,0,1.0,passenger car,"passenger car, station",0,1,2,0,0,0,0,0,0.0,,,2013-08-27,14:36:00,2014-04-02
2682912.0,9230.0,012516,,2200 thru 0559,unincorporated,2900,nevada,0.0,chp county roadarea,county road area,chp other,040,EAST EMPIRE ST,EMPIRE MINE CROSS RD,1056.0,west,0.0,clear,0.0,,,,,,,1.0,other injury,0.0,1.0,1.0,vehicle code violation,speeding,22350.0,,not hit and run,overturned,non-collision,no pedestrian involved,dry,normal,dark with no street lights,none,0,0,0,0,0,1.0,passenger car,"passenger car, station",0,1,0,0,0,0,0,0,0.0,,,2006-06-03,02:00:00,2006-10-06
91392025.0,9350.0,022556,,0600 thru 1359,unincorporated,2100,marin,0.0,chp state highway,us highway,chp other,040,US 101 N/B,SR-1 UNDERCROSSING,1768.0,south,0.0,clear,1.0,,,,,,,1.0,pain,0.0,3.0,2.0,vehicle code violation,speeding,22350.0,,not hit and run,rear end,other motor vehicle,no pedestrian involved,dry,normal,daylight,none,0,0,0,0,0,1.0,passenger car,sport utility vehicle,0,0,3,0,0,0,0,0,0.0,37.87624,-122.51085,2021-01-17,11:55:00,2021-01-21
370714.0,1900.0,024673,2928,not chp,50000 to 100000,1990,los angeles,0.0,not chp,not chp,not chp,292T1,PATHFINDER RD,CANYON RIDGE RD,500.0,east,0.0,clear,0.0,,,,,,,1.0,other injury,0.0,1.0,1.0,vehicle code violation,wrong side of road,21650.0,,not hit and run,hit object,fixed object,no pedestrian involved,dry,normal,daylight,none,0,0,0,0,0,1.0,passenger car,,0,1,0,0,0,0,0,0,0.0,,,2002-09-05,08:15:00,2002-12-17
5544723.0,3000.0,5013,891H5,not chp,50000 to 100000,3050,orange,0.0,not chp,not chp,not chp,760,FRONT ST,ORANGE AV,3.0,north,0.0,clear,0.0,,,,,,,1.0,property damage only,0.0,0.0,1.0,unknown,unknown,,,misdemeanor,hit object,fixed object,no pedestrian involved,dry,normal,dark with street lights,none,0,0,0,0,0,1.0,,,0,0,0,0,0,0,0,0,0.0,,,2012-04-08,,2014-02-28
2960932.0,4313.0,3503,DT,not chp,>250000,4313,santa clara,0.0,not chp,not chp,not chp,0T3,COTTLE AV IFO,CURTNER AV,0.0,,,cloudy,0.0,,,,,,,1.0,other injury,0.0,1.0,1.0,vehicle code violation,improper turning,22107.0,,not hit and run,hit object,fixed object,no pedestrian involved,dry,normal,dark with street lights,functioning,0,0,0,0,0,1.0,,,0,1,0,0,0,0,0,0,0.0,,,2006-12-13,19:32:00,2007-04-07
4339579.0,3004.0,542,5,not chp,100000 to 250000,3004,orange,0.0,not chp,not chp,not chp,001,NEWPORT BL,CABRILLO ST,130.0,north,0.0,clear,1.0,orange,12.0,55.0,1.63,highway,northbound,0.0,pain,0.0,1.0,2.0,vehicle code violation,speeding,22350.0,,not hit and run,rear end,other motor vehicle,no pedestrian involved,dry,normal,daylight,none,0,0,0,0,0,1.0,passenger car,"passenger car, station",0,0,1,0,0,0,0,0,0.0,,,2009-07-28,18:30:00,2010-09-23
1011016.0,1942.0,30989,979,not chp,>250000,1942,los angeles,0.0,not chp,not chp,not chp,35MQ11,COLDWATER CYN,LA MAIDA ST,0.0,,1.0,clear,0.0,,,,,,,1.0,other injury,0.0,1.0,2.0,vehicle code violation,automobile right of way,21801.0,A,not hit and run,head-on,other motor vehicle,no pedestrian involved,dry,normal,daylight,functioning,0,0,0,0,0,1.0,passenger car,,0,1,0,0,0,0,0,0,0.0,,,2003-09-12,11:00:00,2003-10-31
8181877.0,1920.0,12323,,not chp,100000 to 250000,1920,los angeles,0.0,not chp,not chp,not chp,006,PARAMOUNT BL,BROOKMILL RD,101.0,south,0.0,clear,0.0,,,,,,,1.0,pain,0.0,3.0,2.0,vehicle code violation,automobile right of way,21804.0,A,not hit and run,broadside,other motor vehicle,no pedestrian involved,dry,normal,dusk or dawn,none,0,0,0,0,0,1.0,passenger car,"passenger car, station",0,0,3,0,0,0,0,0,0.0,,,2016-11-04,17:39:00,2016-12-07
6117706.0,9565.0,20301,,1400 thru 2159,unincorporated,1900,los angeles,0.0,chp county roadarea,county road area,chp other,004,LA CIENEGA BL,LENNOX BL,0.0,,1.0,clear,0.0,,,,,,,1.0,property damage only,0.0,0.0,2.0,vehicle code violation,other hazardous violation,21451.0,A,not hit and run,broadside,other motor vehicle,no pedestrian involved,dry,normal,daylight,functioning,0,0,0,0,1,1.0,passenger car,"passenger car, station",0,0,0,0,0,0,0,0,0.0,33.93827,-118.36979,2012-09-21,18:30:00,2014-03-13
251056.0,1942.0,35543,0778,not chp,>250000,1942,los angeles,0.0,not chp,not chp,not chp,6T2,WESTERN AV,WASHINGTON BL,309.0,north,0.0,clear,0.0,,,,,,,1.0,pain,0.0,1.0,3.0,vehicle code violation,unsafe lane change,21658.0,A,felony,rear end,non-collision,no pedestrian involved,dry,normal,daylight,none,0,0,0,0,1,1.0,truck or truck tractor,,0,0,1,0,0,0,0,0,0.0,,,2002-06-12,13:55:00,2002-10-03
1786337.0,9340.0,017397,,1400 thru 2159,100000 to 250000,4316,santa clara,0.0,chp state highway,state route,chp other,220,RT 237,LAWRENCE EXPWY,300.0,west,0.0,clear,1.0,santa clara,4.0,237.0,4.54,highway,westbound,0.0,property damage only,0.0,0.0,2.0,vehicle code violation,unsafe lane change,21658.0,A,not hit and run,sideswipe,other motor vehicle,no pedestrian involved,dry,normal,dark with no street lights,none,1,0,0,0,0,1.0,passenger car,"passenger car, station",0,0,0,0,0,0,0,0,0.0,,,2004-12-13,18:20:00,2005-06-27
1181153.0,9265.0,13919,,0600 thru 1359,unincorporated,3900,san joaquin,0.0,chp county roadline,county road line,chp primary,053,WATERLOO RD,GOLDEN GATE AV,41.0,east,0.0,cloudy,0.0,,,,,,,1.0,other injury,0.0,1.0,2.0,vehicle code violation,other hazardous violation,22517.0,,not hit and run,sideswipe,other motor vehicle,no pedestrian involved,wet,normal,daylight,none,0,0,0,0,0,1.0,passenger car,"passenger car, station",0,1,0,0,0,0,0,0,0.0,,,2003-12-01,09:35:00,2004-02-17
2151533.0,9320.0,16094,,1400 thru 2159,unincorporated,700,contra costa,0.0,chp county roadline,county road line,chp other,034,WANDA ST,2ND AV,65.0,south,0.0,clear,0.0,,,,,,,1.0,property damage only,0.0,0.0,2.0,vehicle code violation,unsafe starting or backing,22106.0,,misdemeanor,broadside,other motor vehicle,no pedestrian involved,dry,normal,daylight,none,0,0,0,0,0,1.0,passenger car,"passenger car, station",0,0,0,0,0,0,0,0,0.0,,,2005-07-29,17:00:00,2005-12-01
91265169.0,9670.0,015207,,0600 thru 1359,50000 to 100000,3007,orange,0.0,chp state highway,interstate,chp other,041,I-405 S/B,BUSHARD ST.,20.0,north,0.0,clear,1.0,,,,,,,1.0,property damage only,0.0,0.0,2.0,vehicle code violation,speeding,22350.0,,not hit and run,rear end,other motor vehicle,no pedestrian involved,dry,normal,daylight,none,0,0,0,0,0,1.0,passenger car,"passenger car, station",0,0,0,0,0,0,0,0,0.0,33.72856,-117.98367,2020-07-02,12:10:00,2020-07-08
5500913.0,9850.0,016450,,1400 thru 2159,50000 to 100000,3619,san bernardino,0.0,chp state highway,interstate,chp other,081,RT 15,RT 395,325.0,south,0.0,clear,1.0,san bernardino,8.0,15.0,31.75,highway,northbound,1.0,property damage only,0.0,0.0,2.0,vehicle code violation,dui,23152.0,A,misdemeanor,rear end,other motor vehicle,no pedestrian involved,dry,normal,dark with street lights,none,1,0,0,0,0,1.0,passenger car,"passenger car, station",0,0,0,0,0,0,0,0,0.0,34.39929,-117.40177,2012-01-27,19:43:00,2013-10-31
9170267.0,1900.0,623588,0622,not chp,100000 to 250000,1985,los angeles,0.0,not chp,not chp,not chp,62T1,MCBEAN PKWY,ORCHARD VILLAGE RD,503.0,west,0.0,clear,0.0,,,,,,,0.0,property damage only,0.0,0.0,2.0,vehicle code violation,improper turning,22107.0,,not hit and run,pedestrian,parked motor vehicle,no pedestrian involved,dry,normal,daylight,none,0,0,0,0,0,1.0,passenger car,"passenger car, station",0,0,0,0,0,0,0,0,0.0,34.39626,-118.55345,2020-09-29,09:40:00,2020-11-30
632320.0,1941.0,5555,043,not chp,>250000,1941,los angeles,0.0,not chp,not chp,not chp,002,ANAHEIM,SANTA FE,12.0,east,0.0,clear,0.0,,,,,,,0.0,property damage only,0.0,0.0,2.0,vehicle code violation,following too closely,21703.0,,not hit and run,rear end,other motor vehicle,no pedestrian involved,dry,normal,daylight,functioning,0,0,0,0,0,1.0,,,0,0,0,0,0,0,0,0,0.0,,,2003-02-04,07:45:00,2003-04-29
8861580.0,3342.0,1102,255,not chp,25000 to 50000,3342,riverside,0.0,not chp,not chp,not chp,002,HANCOCK AV,LAS BRISAS RD,373.0,north,0.0,clear,0.0,,,,,,,1.0,property damage only,0.0,0.0,1.0,vehicle code violation,dui,23152.0,A,not hit and run,hit object,fixed object,no pedestrian involved,wet,normal,dark with street lights,none,0,0,0,0,0,1.0,pickup or panel truck,pickups & panels,0,0,0,0,0,0,0,0,0.0,,,2019-02-16,01:37:00,2019-06-12
2346933.0,9330.0,017340,,2200 thru 0559,2500 to 10000,4118,san mateo,0.0,chp state highway,interstate,chp other,054,RT 280,WOODSIDE RD,1000.0,north,0.0,clear,1.0,san mateo,4.0,280.0,3.54,highway,southbound,1.0,property damage only,0.0,0.0,2.0,vehicle code violation,dui,23152.0,A,misdemeanor,rear end,other motor vehicle,no pedestrian involved,dry,normal,dark with no street lights,none,1,0,0,0,0,1.0,passenger car,"passenger car, station",0,0,0,0,0,0,0,0,0.0,,,2005-11-27,22:20:00,2006-04-26
90801369.0,9565.0,021632,,1400 thru 2159,unincorporated,1900,los angeles,0.0,chp county roadarea,county road area,chp other,004,LENNOX BOULEVARD,REDFERN AVENUE,4.0,east,0.0,clear,0.0,,,,,,,1.0,property damage only,0.0,0.0,1.0,vehicle code violation,improper turning,22107.0,,not hit and run,hit object,fixed object,no pedestrian involved,dry,normal,daylight,none,0,0,0,0,0,1.0,passenger car,sport utility vehicle,0,0,0,0,0,0,0,0,0.0,33.9382,-118.36671,2018-08-22,18:05:00,2018-08-30
868089.0,3404.0,3044,,not chp,>250000,3404,sacramento,0.0,not chp,not chp,not chp,,14TH AV,69TH ST,0.0,,1.0,clear,0.0,,,,,,,1.0,property damage only,0.0,0.0,2.0,vehicle code violation,dui,23152.0,A,not hit and run,sideswipe,other motor vehicle,no pedestrian involved,dry,normal,dark with street lights,functioning,0,0,0,0,1,1.0,passenger car,,0,0,0,0,0,0,0,0,0.0,,,2003-06-21,01:50:00,2003-08-21
90118889.0,9840.0,012208,,0600 thru 1359,100000 to 250000,3315,riverside,0.0,chp state highway,interstate,chp other,034,I-15 {N/B} TO ONTARIO AVENUE,ONTARIO AVENUE,195.0,south,0.0,cloudy,1.0,,,,,,,0.0,property damage only,0.0,0.0,3.0,vehicle code violation,speeding,22350.0,,not hit and run,rear end,other motor vehicle,no pedestrian involved,dry,normal,daylight,functioning,0,0,0,0,0,1.0,passenger car,"passenger car, station",0,0,0,0,0,0,0,0,0.0,33.84263,-117.53424,2016-02-10,07:35:00,2016-02-18
5973416.0,9360.0,18737,,1400 thru 2159,unincorporated,4900,sonoma,0.0,chp state highway,us highway,chp other,030,RT 101,RIVER RD,1320.0,south,0.0,cloudy,1.0,sonoma,4.0,101.0,24.61,highway,southbound,1.0,property damage only,0.0,0.0,2.0,vehicle code violation,improper turning,22107.0,,not hit and run,hit object,fixed object,no pedestrian involved,dry,normal,daylight,none,1,0,0,0,0,1.0,passenger car,sport utility vehicle,0,0,0,0,0,0,0,0,0.0,,,2012-10-11,17:55:00,2014-09-24
4675391.0,3706.0,0438,ESCON,not chp,100000 to 250000,3706,san diego,0.0,not chp,not chp,not chp,042,MISSION AV,HICKORY ST,0.0,,1.0,clear,0.0,,,,,,,1.0,pain,0.0,1.0,2.0,vehicle code violation,automobile right of way,21802.0,A,not hit and run,broadside,other motor vehicle,no pedestrian involved,dry,normal,daylight,functioning,0,0,0,0,0,1.0,passenger car,"passenger car, station",0,0,1,0,0,0,0,0,0.0,,,2010-04-09,15:38:00,2011-03-22
91283367.0,9460.0,021407,,1400 thru 2159,unincorporated,2400,merced,0.0,chp county roadarea,county road area,chp other,080,CONE AVE,SR-59,43.0,east,0.0,clear,0.0,,,,,,,1.0,property damage only,0.0,0.0,1.0,vehicle code violation,improper turning,22107.0,,misdemeanor,hit object,fixed object,no pedestrian involved,dry,normal,daylight,none,0,0,0,0,0,1.0,passenger car,"passenger car, station",0,0,0,0,0,0,0,0,0.0,37.2843,-120.4874,2020-08-01,16:50:00,2020-08-10
2044102.0,1942.0,33805,1547,not chp,>250000,1942,los angeles,0.0,not chp,not chp,not chp,10TL37,MAGNOLIA BL,TUJUNGA AV,500.0,west,0.0,clear,0.0,,,,,,,0.0,other injury,0.0,2.0,2.0,vehicle code violation,speeding,22350.0,,not hit and run,rear end,other motor vehicle,no pedestrian involved,dry,normal,daylight,functioning,0,0,0,0,0,1.0,passenger car,"passenger car, station",0,1,1,0,0,0,0,0,0.0,,,2005-05-21,10:30:00,2005-09-13
3995494.0,3600.0,C3719,RC018,not chp,100000 to 250000,3616,san bernardino,0.0,not chp,not chp,not chp,003,HAVEN AV,JERSEY,400.0,south,0.0,clear,0.0,,,,,,,1.0,property damage only,0.0,0.0,1.0,vehicle code violation,dui,23152.0,A,not hit and run,hit object,fixed object,no pedestrian involved,dry,normal,dark with street lights,none,0,0,0,0,0,1.0,passenger car,"passenger car, station",0,0,0,0,0,0,0,0,0.0,,,2008-09-20,02:37:00,2009-04-06
5999065.0,1942.0,39473,1684,not chp,>250000,1942,los angeles,0.0,not chp,not chp,not chp,9TL57,LAUREL CANYON BL,STAGG ST,15.0,north,0.0,raining,0.0,,,,,,,1.0,other injury,0.0,3.0,2.0,vehicle code violation,speeding,22350.0,,not hit and run,rear end,other motor vehicle,no pedestrian involved,wet,normal,daylight,functioning,0,0,0,0,0,1.0,passenger car,"passenger car, station",0,1,2,0,0,0,0,0,0.0,,,2013-01-27,08:45:00,2014-01-18
3365361.0,4200.0,3116,14,not chp,25000 to 50000,4214,santa barbara,0.0,not chp,not chp,not chp,,CALLE REAL,N FAIRVIEW AV,109.0,east,0.0,clear,0.0,,,,,,,0.0,pain,0.0,1.0,2.0,vehicle code violation,speeding,22350.0,,not hit and run,rear end,other motor vehicle,no pedestrian involved,dry,normal,daylight,functioning,0,0,0,0,0,1.0,,,0,0,1,0,0,0,0,0,0.0,,,2007-09-01,09:58:00,2008-03-01
4277036.0,1942.0,39023,0857,not chp,>250000,1942,los angeles,0.0,not chp,not chp,not chp,14T47,PICO BL,GLENVILLE DR,35.0,east,0.0,clear,0.0,,,,,,,0.0,property damage only,0.0,0.0,2.0,vehicle code violation,unsafe lane change,21658.0,A,misdemeanor,sideswipe,parked motor vehicle,no pedestrian involved,dry,normal,dusk or dawn,none,0,0,0,0,0,1.0,,unknown hit and run vehicle involvement,0,0,0,0,0,0,0,0,0.0,,,2009-05-29,19:00:00,2010-01-07
1199141.0,3008.0,1281,,not chp,100000 to 250000,3008,orange,0.0,not chp,not chp,not chp,,HARBOR BL,ORANGEFAIR MALL,51.0,north,0.0,clear,0.0,,,,,,,1.0,other injury,0.0,1.0,1.0,vehicle code violation,improper turning,22107.0,,not hit and run,hit object,fixed object,no pedestrian involved,dry,construction,dark with street lights,functioning,0,0,0,0,0,1.0,pickup or panel truck,,0,1,0,0,0,0,0,0,0.0,,,2003-11-26,02:11:00,2004-02-27
5170344.0,9222.0,12704,,2200 thru 0559,unincorporated,3100,placer,0.0,chp county roadarea,county road area,chp other,010,NORTHSTAR DR,BASQUET DR,300.0,east,0.0,cloudy,0.0,,,,,,,0.0,property damage only,0.0,0.0,2.0,vehicle code violation,speeding,22350.0,,not hit and run,head-on,other motor vehicle,no pedestrian involved,snowy,normal,dark with no street lights,none,0,0,0,0,0,1.0,passenger car,"passenger car, station",0,0,0,0,0,0,0,0,0.0,,,2011-04-08,23:20:00,2012-09-07
8549891.0,1941.0,10052,,not chp,>250000,1941,los angeles,0.0,not chp,not chp,not chp,,7TH ST,SANTIAGO AV,0.0,,1.0,clear,0.0,,,,,,,1.0,property damage only,0.0,0.0,3.0,vehicle code violation,automobile right of way,21801.0,A,not hit and run,other,other motor vehicle,no pedestrian involved,dry,normal,daylight,functioning,0,0,0,0,0,1.0,passenger car,,0,0,0,0,0,0,0,0,0.0,,,2018-01-19,10:38:00,2018-02-13
2847980.0,5002.0,10751,M304,not chp,100000 to 250000,5002,stanislaus,0.0,not chp,not chp,not chp,072,SCENIC DR,BROOK VALE DR,225.0,east,0.0,clear,0.0,,,,,,,0.0,property damage only,0.0,0.0,2.0,vehicle code violation,improper turning,22107.0,,not hit and run,rear end,parked motor vehicle,no pedestrian involved,dry,normal,dusk or dawn,none,0,0,0,0,0,1.0,pickup or panel truck,,0,0,0,0,0,0,0,0,0.0,,,2006-10-18,16:53:00,2007-02-03
90438404.0,9630.0,021217,,2200 thru 0559,unincorporated,3300,riverside,0.0,chp county roadline,safety services program,chp other,401,CAMINO AVENTURA,AVENIDA MERCED,10.0,west,0.0,clear,0.0,,,,,,,0.0,property damage only,0.0,0.0,2.0,vehicle code violation,speeding,22350.0,,misdemeanor,rear end,other motor vehicle,no pedestrian involved,dry,normal,dark with no street lights,none,0,0,0,0,0,1.0,,unknown hit and run vehicle involvement,0,0,0,0,0,0,0,0,0.0,33.93221,-116.48846,2017-04-12,00:28:00,2017-04-20
8713123.0,3600.0,C8643,RC006,not chp,100000 to 250000,3616,san bernardino,0.0,not chp,not chp,not chp,RC6,DAY CREEK BL,CHURCH ST,0.0,,1.0,clear,0.0,,,,,,,1.0,pain,0.0,3.0,3.0,vehicle code violation,automobile right of way,21801.0,A,not hit and run,head-on,other motor vehicle,no pedestrian involved,dry,normal,daylight,functioning,0,0,0,0,0,1.0,passenger car,"passenger car, station",0,0,3,0,0,0,0,0,0.0,,,2018-09-05,12:37:00,2018-11-06
5407040.0,9252.0,018872,,1400 thru 2159,>250000,3404,sacramento,0.0,chp state highway,us highway,chp other,151,RT 50,RT 99,300.0,east,0.0,cloudy,1.0,sacramento,3.0,50.0,0.14,highway,westbound,1.0,property damage only,0.0,0.0,3.0,vehicle code violation,speeding,22350.0,,misdemeanor,rear end,other motor vehicle,no pedestrian involved,wet,normal,dark with street lights,none,1,0,0,0,0,1.0,passenger car,"passenger car, station",0,0,0,0,0,0,0,0,0.0,38.55945,-121.46978,2011-11-05,18:38:00,2013-08-05
5914172.0,9590.0,17586,,1400 thru 2159,>250000,1942,los angeles,0.0,chp state highway,us highway,chp other,071,RT 101,GLENDALE BL,200.0,south,0.0,clear,1.0,los angeles,7.0,101.0,2.44,highway,southbound,1.0,property damage only,0.0,0.0,2.0,vehicle code violation,speeding,22350.0,,not hit and run,rear end,other motor vehicle,no pedestrian involved,dry,normal,dusk or dawn,none,1,0,0,0,0,1.0,pickup or panel truck,pickups & panels,0,0,0,0,0,0,0,0,0.0,34.06833,-118.25779,2013-01-21,17:30:00,2015-01-12
4750005.0,4805.0,5L51,4805,not chp,25000 to 50000,4805,solano,0.0,not chp,not chp,not chp,001,RT 12,MARINA BL,0.0,,1.0,cloudy,1.0,solano,4.0,12.0,5.14,highway,eastbound,0.0,property damage only,0.0,0.0,2.0,unknown,unknown,,,not hit and run,rear end,other motor vehicle,no pedestrian involved,dry,normal,daylight,functioning,0,0,0,0,0,1.0,,,0,0,0,0,0,0,0,0,0.0,,,2010-01-07,14:25:00,2011-04-14
6356108.0,9151.0,19533,,1400 thru 2159,unincorporated,1700,lake,0.0,chp county roadline,county road line,chp other,025,SODA BAY RD,MISSION RANCHERIA RD,0.0,,1.0,clear,0.0,,,,,,,0.0,property damage only,0.0,0.0,2.0,vehicle code violation,automobile right of way,21802.0,A,not hit and run,broadside,motor vehicle on other roadway,no pedestrian involved,dry,normal,dark with street lights,none,0,0,0,0,0,1.0,passenger car,"passenger car, station",0,0,0,0,0,0,0,0,0.0,39.01498,-122.88755,2014-01-17,20:48:00,2015-01-20
90844586.0,9550.0,021986,,1400 thru 2159,unincorporated,1900,los angeles,0.0,chp county roadarea,county road area,chp other,003,SIGMAN STREET,BARFORD AVENUE,0.0,,1.0,clear,0.0,,,,,,,0.0,property damage only,0.0,0.0,2.0,vehicle code violation,automobile right of way,21800.0,B,not hit and run,broadside,other motor vehicle,no pedestrian involved,dry,normal,dark with street lights,none,0,0,0,0,0,1.0,passenger car,"passenger car, station",0,0,0,0,0,0,0,0,0.0,33.99971,-117.9555,2018-10-20,21:10:00,2018-10-25
8047427.0,3610.0,50942,,not chp,100000 to 250000,3610,san bernardino,0.0,not chp,not chp,not chp,CHARLI,EAST BASELINE ST,NORTH WATERMAN AV,123.0,west,0.0,cloudy,0.0,,,,,,,0.0,property damage only,0.0,0.0,1.0,other improper driving,other improper driving,,,not hit and run,hit object,fixed object,no pedestrian involved,dry,normal,daylight,none,0,0,0,0,0,1.0,passenger car,"passenger car, station",0,0,0,0,0,0,0,0,0.0,34.12127,-117.27899,2016-04-28,13:30:00,2016-05-17
5645070.0,5407.0,M205,480,not chp,50000 to 100000,5407,tulare,0.0,not chp,not chp,not chp,011,DEMAREE,GOSHEN,63.0,south,0.0,clear,0.0,,,,,,,0.0,property damage only,0.0,0.0,3.0,other than driver,other than driver (or pedestrian),,,not hit and run,rear end,other motor vehicle,no pedestrian involved,dry,normal,daylight,not functioning,0,0,0,0,0,1.0,,,0,0,0,0,0,0,0,0,0.0,,,2012-05-08,15:53:00,2013-12-04
6928309.0,9150.0,020927,,1400 thru 2159,unincorporated,2300,mendocino,0.0,chp county roadarea,county road area,chp other,004,PEACHLAND RD,RT 128,6072.0,north,0.0,clear,0.0,,,,,,,1.0,other injury,0.0,1.0,1.0,vehicle code violation,improper turning,22107.0,,not hit and run,hit object,fixed object,no pedestrian involved,dry,normal,dusk or dawn,none,0,0,0,0,0,1.0,pickup or panel truck,pickups & panels,0,1,0,0,0,0,0,0,0.0,39.04436,-123.38015,2015-05-12,20:30:00,2015-06-19
1610394.0,9360.0,017128,,0600 thru 1359,unincorporated,4900,sonoma,0.0,chp state highway,us highway,chp other,030,RT 101,SHILOH RD,100.0,south,0.0,clear,1.0,sonoma,4.0,101.0,27.6,highway,southbound,0.0,property damage only,0.0,0.0,1.0,other than driver,other than driver (or pedestrian),,,not hit and run,hit object,other object,no pedestrian involved,dry,normal,daylight,none,1,0,0,0,0,1.0,,,0,0,0,0,0,0,0,0,0.0,,,2004-09-08,13:45:00,2005-05-03
8094028.0,3011.0,31417,71,not chp,25000 to 50000,3011,orange,0.0,not chp,not chp,not chp,001,LAGUNA CANYON RD,RT 73,1192.0,south,0.0,clear,1.0,orange,12.0,133.0,3.77,highway,southbound,1.0,property damage only,0.0,0.0,2.0,vehicle code violation,speeding,22350.0,,not hit and run,rear end,other motor vehicle,no pedestrian involved,dry,normal,daylight,functioning,0,0,0,0,0,1.0,pickup or panel truck,pickups & panels,0,0,0,0,0,0,0,0,0.0,,,2016-07-15,09:51:00,2017-02-18
5934596.0,4803.0,1236,2050,not chp,50000 to 100000,4803,solano,0.0,not chp,not chp,not chp,00S,PENNSYLVANIA AV,DELAWARE ST,25.0,south,0.0,clear,0.0,,,,,,,1.0,pain,0.0,1.0,2.0,vehicle code violation,speeding,22350.0,,not hit and run,rear end,other motor vehicle,no pedestrian involved,dry,normal,daylight,none,0,0,0,0,0,1.0,passenger car,"passenger car, station",0,0,1,0,0,0,0,0,0.0,,,2012-12-19,13:29:00,2014-01-13
889189.0,9340.0,10210,,0600 thru 1359,50000 to 100000,4303,santa clara,0.0,chp state highway,interstate,chp other,282,RT 280,FOOTHILL BL,30.0,south,0.0,clear,1.0,santa clara,4.0,280.0,11.294,ramp,northbound,0.0,property damage only,0.0,0.0,2.0,vehicle code violation,speeding,22350.0,,not hit and run,rear end,other motor vehicle,no pedestrian involved,dry,normal,daylight,functioning,1,0,0,0,0,1.0,pickup or panel truck,pickups & panels,0,0,0,0,0,0,0,0,0.0,,,2003-06-24,07:50:00,2004-02-06
91312170.0,9320.0,020009,,0600 thru 1359,unincorporated,700,contra costa,0.0,chp state highway,interstate,chp other,683,W/B CONCORD AVE,MERIDIAN AVE,100.0,west,0.0,clear,0.0,,,,,,,0.0,pain,0.0,1.0,2.0,vehicle code violation,speeding,22350.0,,not hit and run,rear end,other motor vehicle,no pedestrian involved,dry,normal,daylight,functioning,0,0,0,0,0,1.0,passenger car,"passenger car, station",0,0,1,0,0,0,0,0,0.0,37.97893,-122.05951,2020-09-22,08:42:00,2020-09-25
833843.0,9550.0,016135,,1400 thru 2159,unincorporated,1900,los angeles,0.0,chp county roadarea,county road area,chp other,002,SANTA GERTRUDES AV,HILLGATE DR,0.0,,1.0,clear,0.0,,,,,,,0.0,pain,0.0,1.0,2.0,vehicle code violation,automobile right of way,21802.0,A,not hit and run,broadside,other motor vehicle,no pedestrian involved,dry,normal,daylight,functioning,0,0,0,0,0,1.0,pickup or panel truck,pickups & panels,0,0,1,0,0,0,0,0,0.0,,,2003-05-23,17:25:00,2003-08-04
91415427.0,9260.0,017522,,1400 thru 2159,50000 to 100000,3490,sacramento,0.0,chp state highway,us highway,chp other,501,US-50 E/B FROM BRADSHAW RD. N/B,BRADSHAW RD,200.0,east,0.0,clear,0.0,,,,,,,1.0,property damage only,0.0,0.0,2.0,vehicle code violation,following too closely,21703.0,,not hit and run,rear end,other motor vehicle,no pedestrian involved,dry,normal,daylight,functioning,0,0,0,0,0,1.0,passenger car,"passenger car, station",0,0,0,0,0,0,0,0,0.0,38.56627,-121.33485,2021-02-23,15:50:00,2021-02-25
9193540.0,1909.0,570,1909,not chp,25000 to 50000,1909,los angeles,0.0,not chp,not chp,not chp,SOUTH,EASTERN AV,JABONERIA RD,0.0,,1.0,clear,0.0,,,,,,,0.0,property damage only,0.0,0.0,2.0,vehicle code violation,automobile right of way,21801.0,A,not hit and run,broadside,other motor vehicle,no pedestrian involved,dry,normal,daylight,functioning,0,0,0,0,0,1.0,passenger car,"passenger car, station",0,0,0,0,0,0,0,0,0.0,33.95993,-118.16542,2020-11-05,09:42:00,2021-02-02
5886507.0,9685.0,13925,,1400 thru 2159,unincorporated,3300,riverside,0.0,chp state highway,interstate,chp other,034,MURRIETA HOT SPRINGS RD,WINCHESTER RD,0.0,,1.0,cloudy,0.0,,,,,,,0.0,property damage only,0.0,0.0,2.0,vehicle code violation,improper turning,22107.0,,not hit and run,sideswipe,other motor vehicle,no pedestrian involved,dry,normal,daylight,functioning,0,0,0,0,0,1.0,passenger car,"passenger car, station",0,0,0,0,0,0,0,0,0.0,33.53263,-117.14042,2012-11-08,15:50:00,2014-05-14
1.9000109041245115e+18,1900.0,11390,0.0,not chp,100000 to 250000,1950,los angeles,,not chp,not chp,not chp,,PALMDALE BL,RT 14 WBOFF/R,0.0,,1.0,clear,1.0,los angeles,7.0,138.0,36.956,intersection,westbound,0.0,property damage only,0.0,0.0,3.0,vehicle code violation,unsafe lane change,21658.0,A,not hit and run,sideswipe,other motor vehicle,no pedestrian involved,dry,normal,daylight,functioning,0,0,0,0,0,1.0,passenger car,00,0,0,0,0,0,0,0,0,0.0,,,2001-09-04,12:45:00,2002-02-21
8012331.0,4114.0,0024,SNB5,not chp,25000 to 50000,4114,san mateo,0.0,not chp,not chp,not chp,001,RT 82,RT 380,0.0,,1.0,clear,1.0,san mateo,4.0,380.0,5.409,ramp,eastbound,0.0,property damage only,0.0,0.0,3.0,vehicle code violation,following too closely,21703.0,,not hit and run,rear end,parked motor vehicle,no pedestrian involved,,normal,daylight,none,0,0,0,0,0,1.0,passenger car,"passenger car, station",0,0,0,0,0,0,0,0,0.0,,,2016-03-24,07:02:00,2017-02-11
167186.0,1942.0,25095,637,not chp,>250000,1942,los angeles,0.0,not chp,not chp,not chp,6A65,FRANKLIN AV,VINE ST,0.0,,1.0,clear,0.0,,,,,,,1.0,property damage only,0.0,0.0,2.0,vehicle code violation,dui,23152.0,A,not hit and run,broadside,other motor vehicle,no pedestrian involved,dry,normal,dark with street lights,functioning,0,0,0,0,0,1.0,passenger car,,0,0,0,0,0,0,0,0,0.0,,,2002-03-24,00:55:00,2002-08-27
90571890.0,9655.0,017582,,1400 thru 2159,unincorporated,3300,riverside,0.0,chp state highway,state route,chp other,212,STATE ROUTE 60,GILMAN SPRINGS RD,15840.0,east,0.0,clear,1.0,,,,,,,0.0,severe injury,0.0,2.0,2.0,vehicle code violation,unsafe lane change,21658.0,A,misdemeanor,sideswipe,other motor vehicle,no pedestrian involved,dry,normal,dark with no street lights,none,0,0,0,0,0,1.0,passenger car,sport utility vehicle,1,0,1,0,0,0,0,0,0.0,33.93715,-117.10447,2017-10-09,21:13:00,2017-10-18
717412.0,9285.0,012248,,0600 thru 1359,unincorporated,5100,sutter,0.0,chp state highway,state route,chp primary,051,RT 99,HUNN RD,792.0,north,0.0,clear,1.0,sutter,3.0,99.0,29.43,highway,northbound,1.0,pain,0.0,1.0,2.0,vehicle code violation,speeding,22350.0,,not hit and run,rear end,other motor vehicle,no pedestrian involved,dry,normal,daylight,none,0,0,0,0,0,1.0,passenger car,"passenger car, station",0,0,1,0,0,0,0,0,0.0,,,2003-03-06,07:30:00,2003-08-20
1694844.0,9840.0,14602,,1400 thru 2159,unincorporated,3300,riverside,0.0,chp state highway,interstate,chp other,022,RT 215,COLUMBIA AV,528.0,north,0.0,clear,1.0,riverside,8.0,215.0,44.0,highway,southbound,0.0,pain,0.0,1.0,2.0,vehicle code violation,speeding,22350.0,,not hit and run,rear end,other motor vehicle,no pedestrian involved,dry,normal,daylight,none,1,0,0,0,0,1.0,passenger car,"passenger car, station",0,0,1,0,0,0,0,0,0.0,,,2004-10-06,15:39:00,2005-06-21
8305436.0,3801.0,899,INGLE,not chp,>250000,3801,san francisco,0.0,not chp,not chp,not chp,4B3E,MISSION ST,ALLISON ST,15.0,south,0.0,clear,0.0,,,,,,,1.0,pain,0.0,2.0,2.0,vehicle code violation,traffic signals and signs,21453.0,A,not hit and run,broadside,other motor vehicle,no pedestrian involved,dry,normal,daylight,functioning,0,0,0,0,0,1.0,passenger car,"passenger car, station",0,0,2,0,0,0,0,0,0.0,,,2016-12-30,13:57:00,2017-02-15
1919720.0,9685.0,009168,,0600 thru 1359,unincorporated,3700,san diego,0.0,chp county roadarea,county road area,chp other,005,VINE ST,IVY ST,0.0,,1.0,clear,0.0,,,,,,,1.0,property damage only,0.0,0.0,2.0,vehicle code violation,automobile right of way,21802.0,A,not hit and run,broadside,other motor vehicle,no pedestrian involved,dry,normal,daylight,functioning,0,0,0,0,1,1.0,passenger car,mini-vans,0,0,0,0,0,0,0,0,0.0,,,2005-03-09,11:37:00,2005-07-07
982936.0,1942.0,35108,111,not chp,>250000,1942,los angeles,0.0,not chp,not chp,not chp,1T11,YALE ST,ORD ST,47.0,north,0.0,clear,0.0,,,,,,,1.0,pain,0.0,3.0,2.0,vehicle code violation,wrong side of road,21650.0,,not hit and run,broadside,other motor vehicle,no pedestrian involved,dry,normal,dark with street lights,none,0,0,0,0,0,1.0,passenger car,,0,0,3,0,0,0,0,0,0.0,,,2003-06-21,22:30:00,2003-10-22
1908033.0,9370.0,014822,,1400 thru 2159,>250000,109,alameda,0.0,chp state highway,interstate,chp other,008,RT 980,14TH ST,120.0,east,0.0,raining,1.0,alameda,4.0,980.0,0.72,highway,westbound,1.0,property damage only,0.0,0.0,1.0,vehicle code violation,speeding,22350.0,,not hit and run,hit object,fixed object,no pedestrian involved,wet,normal,daylight,none,1,0,0,0,0,1.0,passenger car,"passenger car, station",0,0,0,0,0,0,0,0,0.0,,,2005-02-14,14:15:00,2005-08-30
5369735.0,4806.0,553,402,not chp,50000 to 100000,4806,solano,0.0,not chp,not chp,not chp,004,NUT TREE PKY,ALLISON DR,280.0,east,0.0,clear,0.0,,,,,,,0.0,property damage only,0.0,0.0,2.0,vehicle code violation,unsafe starting or backing,22106.0,,not hit and run,rear end,other motor vehicle,no pedestrian involved,dry,normal,daylight,none,0,0,0,0,0,1.0,pickup or panel truck,pickups & panels,0,0,0,0,0,0,0,0,0.0,,,2011-11-12,14:57:00,2013-04-23
4410096.0,3607.0,80314,80,not chp,100000 to 250000,3607,san bernardino,0.0,not chp,not chp,not chp,MILLS,MALL DR,MILKY WY AV,100.0,east,0.0,clear,0.0,,,,,,,0.0,property damage only,0.0,0.0,2.0,vehicle code violation,unsafe lane change,21658.0,A,not hit and run,sideswipe,other motor vehicle,no pedestrian involved,dry,normal,dark with street lights,functioning,0,0,0,0,0,1.0,,,0,0,0,0,0,0,0,0,0.0,,,2009-08-27,22:18:00,2010-05-19
8317871.0,5407.0,M66,480,not chp,50000 to 100000,5407,tulare,0.0,not chp,not chp,not chp,00R,COUNTY CTR,JAMES,24.0,north,0.0,cloudy,0.0,,,,,,,1.0,property damage only,0.0,0.0,2.0,vehicle code violation,speeding,22350.0,,misdemeanor,rear end,other motor vehicle,no pedestrian involved,dry,normal,daylight,functioning,0,0,0,0,0,1.0,passenger car,"passenger car, station",0,0,0,0,0,0,0,0,0.0,36.2984,-119.32258,2017-02-15,15:57:00,2017-03-13
7161584.0,9855.0,014688,,0600 thru 1359,25000 to 50000,3605,san bernardino,0.0,chp state highway,interstate,chp other,103,RT 10,CENTRAL AV,1056.0,west,0.0,clear,1.0,san bernardino,8.0,10.0,1.03,highway,eastbound,0.0,property damage only,0.0,0.0,2.0,vehicle code violation,unsafe lane change,21658.0,A,not hit and run,sideswipe,other motor vehicle,no pedestrian involved,dry,normal,daylight,none,1,0,0,0,0,1.0,passenger car,"passenger car, station",0,0,0,0,0,0,0,0,0.0,,,2015-06-10,08:15:00,2017-01-26
6496864.0,9340.0,20067,,1400 thru 2159,>250000,4313,santa clara,0.0,chp state highway,interstate,chp other,281,RT 280,BIRD AV,1200.0,north,0.0,cloudy,1.0,santa clara,4.0,280.0,3.11,highway,southbound,1.0,property damage only,0.0,0.0,2.0,vehicle code violation,improper turning,22107.0,,not hit and run,rear end,other motor vehicle,no pedestrian involved,dry,normal,dark with no street lights,none,1,0,0,0,0,1.0,passenger car,sport utility vehicle,0,0,0,0,0,0,0,0,0.0,37.3161,-121.90635,2014-05-08,21:02:00,2016-04-14
8073108.0,3905.0,3452,LAK,not chp,100000 to 250000,3905,san joaquin,0.0,not chp,not chp,not chp,,GLEN ST,SWAIN RD,70.0,south,0.0,cloudy,0.0,,,,,,,0.0,property damage only,0.0,0.0,2.0,vehicle code violation,speeding,22350.0,,misdemeanor,hit object,fixed object,no pedestrian involved,dry,normal,dark with street lights,none,0,0,0,0,0,1.0,,unknown hit and run vehicle involvement,0,0,0,0,0,0,0,0,0.0,38.0032,-121.32412,2016-06-15,00:20:00,2016-07-06
2498683.0,3600.0,C4847,HE413,not chp,50000 to 100000,3619,san bernardino,0.0,not chp,not chp,not chp,004,DANBURY AV,MADERA AV,0.0,,1.0,clear,0.0,,,,,,,1.0,pain,0.0,2.0,2.0,vehicle code violation,traffic signals and signs,22450.0,A,not hit and run,broadside,other motor vehicle,no pedestrian involved,dry,loose material,daylight,functioning,0,0,0,0,0,1.0,,,0,0,2,0,0,0,0,0,0.0,,,2006-01-15,14:40:00,2006-05-17
90047063.0,9675.0,019407,,1400 thru 2159,100000 to 250000,3026,orange,0.0,chp state highway,state route,chp other,552,SR-55 NORTHBOUND,MACARTHUR BLVD,750.0,south,0.0,clear,1.0,,,,,,,1.0,property damage only,0.0,0.0,2.0,vehicle code violation,improper turning,22107.0,,not hit and run,hit object,fixed object,no pedestrian involved,dry,normal,daylight,none,0,0,0,0,0,1.0,passenger car,"passenger car, station",0,0,0,0,0,0,0,0,0.0,33.69677,-117.86309,2015-11-05,15:00:00,2015-11-09
8153348.0,3700.0,SH2439,,not chp,50000 to 100000,3713,san diego,0.0,not chp,not chp,not chp,306,NORTH SANTA FE AV,CANANEA ST,0.0,,1.0,clear,0.0,,,,,,,1.0,other injury,0.0,1.0,2.0,vehicle code violation,traffic signals and signs,21453.0,A,not hit and run,broadside,other motor vehicle,no pedestrian involved,dry,normal,dark with street lights,functioning,0,0,0,0,0,1.0,passenger car,"passenger car, station",0,1,0,0,0,0,0,0,0.0,,,2016-10-02,02:20:00,2016-10-27
8719690.0,4203.0,23765,,not chp,50000 to 100000,4203,santa barbara,0.0,not chp,not chp,not chp,002,CABRILLO BL,LOS PATOS WY,450.0,west,0.0,clear,0.0,,,,,,,1.0,other injury,0.0,1.0,2.0,vehicle code violation,improper turning,22107.0,,not hit and run,sideswipe,other motor vehicle,no pedestrian involved,dry,normal,dark with no street lights,none,0,0,0,0,0,1.0,passenger car,"passenger car, station",0,1,0,0,0,0,0,0,0.0,34.2514,-119.3925,2018-09-23,22:19:00,2018-10-23
8657691.0,2303.0,41390,2303,not chp,10000 to 25000,2303,mendocino,0.0,not chp,not chp,not chp,002,MARSHAL ST,EAST GOBBI ST,199.0,north,0.0,raining,0.0,,,,,,,1.0,property damage only,0.0,0.0,3.0,vehicle code violation,improper turning,22107.0,,misdemeanor,head-on,parked motor vehicle,no pedestrian involved,wet,normal,dark with street lights,none,0,0,0,0,0,1.0,passenger car,"passenger car, station",0,0,0,0,0,0,0,0,0.0,,,2018-03-16,21:52:00,2018-08-07
8659721.0,,10698,5205,not chp,50000 to 100000,3450,sacramento,0.0,not chp,not chp,not chp,005,SCHOOL LOOP RD,EAGLE DR,29.0,south,0.0,clear,0.0,,,,,,,1.0,pain,0.0,1.0,1.0,vehicle code violation,speeding,22350.0,,not hit and run,hit object,fixed object,no pedestrian involved,dry,normal,daylight,functioning,0,0,0,0,0,1.0,passenger car,"passenger car, station",0,0,1,0,0,0,0,0,0.0,,,2018-06-28,10:36:00,2018-07-13
232829.0,3700.0,2064,,not chp,25000 to 50000,3780,san diego,0.0,not chp,not chp,not chp,417,KIRKHAM WY,DANIELSON ST,0.0,,1.0,clear,0.0,,,,,,,1.0,property damage only,0.0,0.0,1.0,fell asleep,fell asleep,,,not hit and run,hit object,fixed object,no pedestrian involved,dry,normal,dark with street lights,none,0,0,0,0,0,1.0,passenger car,,0,0,0,0,0,0,0,0,0.0,,,2002-05-03,00:01:00,2002-09-20
4462725.0,9840.0,13059,,0600 thru 1359,100000 to 250000,3315,riverside,0.0,chp state highway,state route,chp other,030,RT 91,SMITH AV,528.0,east,0.0,clear,1.0,riverside,8.0,91.0,4.82,highway,westbound,0.0,property damage only,0.0,0.0,2.0,vehicle code violation,speeding,22350.0,,not hit and run,rear end,other motor vehicle,no pedestrian involved,dry,normal,daylight,none,1,0,0,0,0,1.0,pickup or panel truck,pickups & panels,0,0,0,0,0,0,0,0,0.0,33.8822,-117.59199,2009-10-20,07:10:00,2010-12-02
7058763.0,9545.0,019414,,2200 thru 0559,100000 to 250000,1950,los angeles,0.0,chp state highway,state route,chp other,031,RT 14,VINCENT SUMMIT,130.0,south,0.0,clear,1.0,los angeles,7.0,14.0,54.52,highway,southbound,0.0,property damage only,0.0,0.0,3.0,vehicle code violation,speeding,22350.0,,not hit and run,rear end,other motor vehicle,no pedestrian involved,dry,normal,dark with no street lights,none,1,0,0,0,0,1.0,pickup or panel truck,pickups & panels,0,0,0,0,0,0,0,0,0.0,34.30638,-118.6687,2015-09-18,05:45:00,2017-01-07
3432255.0,9645.0,017859,,1400 thru 2159,>250000,3711,san diego,0.0,chp state highway,interstate,chp other,010,RT 8,TEXAS ST,1000.0,west,0.0,clear,1.0,san diego,11.0,8.0,3.71,highway,eastbound,0.0,property damage only,0.0,0.0,2.0,vehicle code violation,improper turning,22107.0,,not hit and run,sideswipe,other motor vehicle,no pedestrian involved,dry,normal,daylight,none,1,0,0,0,0,1.0,passenger car,"passenger car, station",0,0,0,0,0,0,0,0,0.0,,,2007-10-11,16:11:00,2008-05-06
1871798.0,9370.0,17710,,2200 thru 0559,>250000,109,alameda,0.0,chp state highway,interstate,chp other,176,RT 880,HIGH ST,1056.0,south,0.0,cloudy,1.0,alameda,4.0,880.0,27.43,highway,northbound,0.0,property damage only,0.0,0.0,2.0,vehicle code violation,improper turning,22107.0,,not hit and run,sideswipe,other motor vehicle,no pedestrian involved,wet,normal,dark with street lights,none,1,0,0,0,0,1.0,passenger car,"passenger car, station",0,0,0,0,0,0,0,0,0.0,,,2005-01-25,22:55:00,2005-08-05
3424268.0,9540.0,018648,,0600 thru 1359,unincorporated,1900,los angeles,0.0,chp state highway,interstate,chp other,507,RT 5,MAGIC MOUNTAIN PKWY,54.0,south,0.0,cloudy,1.0,los angeles,7.0,5.0,53.406,ramp,southbound,0.0,property damage only,0.0,0.0,2.0,vehicle code violation,speeding,22350.0,,not hit and run,rear end,other motor vehicle,no pedestrian involved,dry,normal,daylight,none,1,0,0,0,0,1.0,passenger car,sport utility vehicle,0,0,0,0,0,0,0,0,0.0,,,2007-10-28,13:50:00,2008-06-06
4009239.0,3000.0,1916,891F7,not chp,25000 to 50000,3045,orange,0.0,not chp,not chp,not chp,746,AVENIDA DE LA CARLOTA,PASEO DE VALENCIA,303.0,north,0.0,clear,0.0,,,,,,,0.0,property damage only,0.0,0.0,2.0,vehicle code violation,speeding,22350.0,,not hit and run,rear end,other motor vehicle,no pedestrian involved,dry,normal,dark with street lights,none,0,0,0,0,0,1.0,passenger car,"passenger car, station",0,0,0,0,0,0,0,0,0.0,,,2008-12-04,17:50:00,2009-07-22
90737222.0,9266.0,013668,,0600 thru 1359,2500 to 10000,3920,san joaquin,0.0,chp state highway,interstate,chp other,024,I-5 S/B,I-205 E/B,2640.0,north,0.0,clear,1.0,,,,,,,1.0,pain,0.0,1.0,2.0,vehicle code violation,speeding,22350.0,,not hit and run,rear end,other motor vehicle,no pedestrian involved,dry,normal,daylight,none,0,0,0,0,0,1.0,passenger car,"passenger car, station",0,0,1,0,0,0,0,0,0.0,37.77164,-121.32614,2018-05-28,10:20:00,2018-05-30
8533200.0,1004.0,G041,FRESN,not chp,2500 to 10000,1004,fresno,0.0,not chp,not chp,not chp,0FO,MERCED ST,7TH ST,10.0,west,0.0,clear,0.0,,,,,,,0.0,property damage only,0.0,0.0,2.0,vehicle code violation,speeding,22350.0,,not hit and run,rear end,other motor vehicle,no pedestrian involved,dry,,daylight,functioning,0,0,0,0,0,1.0,,,0,0,0,0,0,0,0,0,0.0,,,2017-09-05,17:43:00,2018-01-16
6613487.0,3608.0,4202,3608,not chp,50000 to 100000,3608,san bernardino,0.0,not chp,not chp,not chp,,TEXAS ST,SUN AV,84.0,north,0.0,clear,0.0,,,,,,,1.0,other injury,0.0,1.0,2.0,vehicle code violation,dui,23152.0,A,not hit and run,broadside,parked motor vehicle,no pedestrian involved,dry,normal,dark with street lights,none,0,0,0,0,0,1.0,passenger car,"passenger car, station",0,1,0,0,0,0,0,0,0.0,,,2014-08-27,01:09:00,2014-09-22
90480351.0,9725.0,021665,,1400 thru 2159,unincorporated,3500,san benito,0.0,chp state highway,us highway,chp primary,056,US-101 N/B,ROCKS RD,0.0,,1.0,clear,1.0,,,,,,,1.0,other injury,0.0,1.0,2.0,vehicle code violation,automobile right of way,21804.0,A,not hit and run,broadside,other motor vehicle,no pedestrian involved,dry,normal,daylight,none,0,0,0,0,0,1.0,pickup or panel truck,pickups & panels,0,1,0,0,0,0,0,0,0.0,36.85939,-121.60392,2017-06-09,17:40:00,2017-06-19
861192.0,1942.0,36269,1337,not chp,>250000,1942,los angeles,0.0,not chp,not chp,not chp,18A26,114TH ST,WILMINGTON BL,5.0,west,0.0,clear,0.0,,,,,,,0.0,other injury,0.0,1.0,2.0,vehicle code violation,speeding,22350.0,,not hit and run,rear end,bicycle,no pedestrian involved,dry,normal,daylight,none,0,0,1,0,0,1.0,bicycle,,0,1,0,0,0,0,1,0,0.0,,,2003-06-16,15:50:00,2003-08-19
9248353.0,3600.0,G3817,CH009,not chp,50000 to 100000,3630,san bernardino,0.0,not chp,not chp,not chp,CH1,CHINO HILLS PKWY,PEYTON DR,1166.0,west,0.0,clear,1.0,san bernardino,8.0,142.0,4.15,highway,eastbound,0.0,other injury,0.0,1.0,2.0,,,,A,not hit and run,head-on,other motor vehicle,no pedestrian involved,dry,normal,dark with street lights,none,0,0,0,0,0,1.0,pickup or panel truck,pickups & panels,0,1,0,0,0,0,0,0,0.0,,,2021-02-27,22:49:00,2021-04-13
2718215.0,9340.0,017900,,0600 thru 1359,>250000,4313,santa clara,0.0,chp state highway,interstate,chp other,282,RT 280,LAWRENCE EXPWY,200.0,south,0.0,clear,1.0,santa clara,4.0,280.0,6.974,ramp,northbound,0.0,property damage only,0.0,0.0,2.0,vehicle code violation,speeding,22350.0,,not hit and run,rear end,other motor vehicle,no pedestrian involved,dry,normal,daylight,none,1,0,0,0,0,1.0,passenger car,"passenger car, station",0,0,0,0,0,0,0,0,0.0,,,2006-06-21,13:20:00,2006-11-02
8621362.0,1941.0,5546,,not chp,>250000,1941,los angeles,0.0,not chp,not chp,not chp,,7TH ST,EUCLID,0.0,,1.0,cloudy,0.0,,,,,,,0.0,property damage only,0.0,0.0,2.0,vehicle code violation,,,,not hit and run,sideswipe,other motor vehicle,no pedestrian involved,dry,normal,daylight,none,0,0,0,0,0,1.0,pickup or panel truck,,0,0,0,0,0,0,0,0,0.0,,,2018-05-02,12:25:00,2018-08-28
1096116.0,9530.0,17281,,0600 thru 1359,>250000,1942,los angeles,0.0,chp state highway,interstate,chp other,200,RT 105,CENTRAL AV,500.0,west,0.0,clear,1.0,los angeles,7.0,105.0,8.81,highway,westbound,1.0,property damage only,0.0,0.0,5.0,vehicle code violation,unsafe lane change,21658.0,A,not hit and run,rear end,other motor vehicle,no pedestrian involved,dry,normal,daylight,none,1,0,0,0,1,1.0,pickup or panel truck,pickups & panels,0,0,0,0,0,0,0,0,0.0,,,2003-10-23,12:30:00,2004-09-16
2231032.0,1900.0,439111,0246,not chp,10000 to 25000,1914,los angeles,0.0,not chp,not chp,not chp,27TEM,SLAUSON AV,BOXFORD AV,0.0,,1.0,clear,0.0,,,,,,,1.0,pain,0.0,1.0,2.0,vehicle code violation,automobile right of way,21801.0,A,not hit and run,broadside,other motor vehicle,no pedestrian involved,dry,normal,dark with street lights,functioning,0,0,0,0,0,1.0,passenger car,,0,0,1,0,0,0,0,0,0.0,,,2005-09-09,04:52:00,2006-02-04
90132758.0,9265.0,019387,,1400 thru 2159,100000 to 250000,3905,san joaquin,0.0,chp state highway,interstate,chp other,503,I-5 N/B TO SR-4 E/B,SR-4 (CROSSTOWN),528.0,south,0.0,clear,1.0,,,,,,,1.0,other injury,0.0,2.0,2.0,vehicle code violation,improper turning,22107.0,,not hit and run,hit object,fixed object,no pedestrian involved,dry,normal,daylight,none,0,0,0,0,0,1.0,passenger car,"passenger car, station",0,1,1,0,0,0,0,0,0.0,37.9471,-121.2981,2016-02-16,14:15:00,2016-03-09
6767491.0,1942.0,39217,0937,not chp,>250000,1942,los angeles,0.0,not chp,not chp,not chp,17TL12,VICTORY BL,WOODMAN AV,10.0,east,0.0,raining,0.0,,,,,,,0.0,severe injury,0.0,1.0,2.0,vehicle code violation,pedestrian right of way,21950.0,A,not hit and run,pedestrian,pedestrian,crossing in intersection crosswalk,wet,normal,dark with street lights,functioning,0,1,0,0,0,1.0,passenger car,"passenger car, station",1,0,0,0,1,0,0,0,0.0,,,2014-12-02,20:40:00,2015-02-04
2563235.0,109.0,8551P,4,not chp,>250000,109,alameda,0.0,not chp,not chp,not chp,23X,INTERNATIONAL BL,35TH AV,0.0,east,0.0,cloudy,0.0,,,,,,,0.0,property damage only,0.0,0.0,1.0,vehicle code violation,improper turning,22107.0,,misdemeanor,hit object,fixed object,no pedestrian involved,wet,normal,dark with street lights,none,0,0,0,0,0,1.0,,,0,0,0,0,0,0,0,0,0.0,,,2006-04-04,01:13:00,2006-08-15
575679.0,3024.0,97825,32,not chp,50000 to 100000,3024,orange,0.0,not chp,not chp,not chp,00E,BEACH BL,MCFADDEN AV,225.0,south,0.0,clear,1.0,orange,12.0,39.0,6.1,highway,southbound,0.0,property damage only,0.0,0.0,2.0,vehicle code violation,speeding,22350.0,,not hit and run,rear end,other motor vehicle,no pedestrian involved,dry,normal,daylight,none,0,0,0,0,0,1.0,pickup or panel truck with trailer,,0,0,0,0,0,0,0,0,0.0,,,2002-12-23,14:49:00,2003-05-19
5021793.0,9730.0,19233,,1400 thru 2159,25000 to 50000,2710,monterey,0.0,chp state highway,state route,chp other,062,RT 1,RT 218,400.0,south,0.0,raining,1.0,monterey,5.0,1.0,79.26,highway,northbound,0.0,property damage only,0.0,0.0,2.0,vehicle code violation,unsafe lane change,21658.0,A,not hit and run,sideswipe,other motor vehicle,no pedestrian involved,wet,normal,dark with no street lights,none,1,0,0,0,0,1.0,passenger car,"passenger car, station",0,0,0,0,0,0,0,0,0.0,,,2010-12-19,17:30:00,2012-04-12
1611436.0,9420.0,14545,,1400 thru 2159,unincorporated,1500,kern,0.0,chp county roadline,county road line,chp primary,051,AIRPORT DR,JAMES RD,20.0,south,0.0,clear,0.0,,,,,,,0.0,pain,0.0,1.0,2.0,vehicle code violation,speeding,22350.0,,felony,rear end,other motor vehicle,no pedestrian involved,dry,normal,daylight,functioning,0,0,0,0,0,1.0,passenger car,"passenger car, station",0,0,1,0,0,0,0,0,0.0,,,2004-08-29,16:00:00,2004-12-16
8361078.0,1916.0,2235,E45C1,not chp,25000 to 50000,1916,los angeles,0.0,not chp,not chp,not chp,00E,COVINA BL,GRAND AV,0.0,,1.0,clear,0.0,,,,,,,1.0,pain,0.0,2.0,2.0,vehicle code violation,automobile right of way,21801.0,B,not hit and run,head-on,other motor vehicle,no pedestrian involved,dry,normal,daylight,functioning,0,0,0,0,0,1.0,pickup or panel truck,pickups & panels,0,0,2,0,0,0,0,0,0.0,34.09944,-117.8725,2016-11-02,08:25:00,2017-05-22
174661.0,3607.0,14800,188,not chp,100000 to 250000,3607,san bernardino,0.0,not chp,not chp,not chp,061,MISSION BL,CAMPUS AV,75.0,west,0.0,clear,0.0,,,,,,,0.0,property damage only,0.0,0.0,2.0,vehicle code violation,unsafe lane change,21658.0,A,misdemeanor,sideswipe,other motor vehicle,no pedestrian involved,dry,normal,daylight,functioning,0,0,0,0,0,1.0,passenger car,,0,0,0,0,0,0,0,0,0.0,,,2002-04-19,17:22:00,2002-09-05
6406137.0,9250.0,14821,,0600 thru 1359,unincorporated,3400,sacramento,0.0,chp county roadarea,county road area,chp other,010,EARLCORT CIR,FLANDERS WY,10.0,south,0.0,clear,0.0,,,,,,,1.0,property damage only,0.0,0.0,1.0,vehicle code violation,improper turning,22107.0,,misdemeanor,hit object,fixed object,no pedestrian involved,dry,normal,dark with street lights,none,0,0,0,0,0,1.0,passenger car,"passenger car, station",0,0,0,0,0,0,0,0,0.0,,,2014-02-01,06:15:00,2015-02-05
4613186.0,9295.0,016994,,2200 thru 0559,unincorporated,300,amador,0.0,chp state highway,state route,chp primary,031,RT 88,JACKSON VALLEY RD,3168.0,east,0.0,cloudy,1.0,amador,10.0,88.0,4.09,highway,westbound,1.0,property damage only,0.0,0.0,1.0,vehicle code violation,wrong side of road,21650.0,,not hit and run,hit object,fixed object,no pedestrian involved,dry,,dark with no street lights,none,0,0,0,0,1,1.0,truck or truck tractor with trailer,truck tractor,0,0,0,0,0,0,0,0,0.0,38.31071,-120.96063,2010-03-10,22:55:00,2011-04-18
5181550.0,3000.0,2659,892C1,not chp,50000 to 100000,3050,orange,0.0,not chp,not chp,not chp,18760,NORMANDALE DR,EL TORO RD,0.0,,1.0,clear,0.0,,,,,,,1.0,other injury,0.0,3.0,2.0,vehicle code violation,automobile right of way,21801.0,A,not hit and run,broadside,other motor vehicle,no pedestrian involved,dry,normal,daylight,functioning,0,0,0,0,0,1.0,passenger car,"passenger car, station",0,1,2,0,0,0,0,0,0.0,,,2011-04-24,10:25:00,2012-05-30
91279412.0,9135.0,016790,,2200 thru 0559,unincorporated,4500,shasta,0.0,chp state highway,interstate,chp other,056,I-5 N/B,MCCARDLE FLAT RD,10.0,north,0.0,clear,1.0,,,,,,,1.0,other injury,0.0,1.0,1.0,vehicle code violation,improper turning,22107.0,,not hit and run,hit object,fixed object,no pedestrian involved,dry,normal,dark with no street lights,none,0,0,0,0,1,1.0,truck or truck tractor,two axle truck,0,1,0,0,0,0,0,0,0.0,,,2020-07-21,03:10:00,2020-08-03
8375618.0,1900.0,479521,0455,not chp,100000 to 250000,1949,los angeles,0.0,not chp,not chp,not chp,45T1D,ROSECRANS AV,LEIBACHER AV,180.0,east,0.0,cloudy,0.0,,,,,,,1.0,other injury,0.0,1.0,3.0,vehicle code violation,automobile right of way,21804.0,A,not hit and run,head-on,other motor vehicle,no pedestrian involved,dry,normal,daylight,none,0,0,0,0,0,1.0,passenger car,"passenger car, station",0,1,0,0,0,0,0,0,0.0,,,2017-05-24,07:55:00,2017-06-09
8663741.0,3001.0,A1355,,not chp,>250000,3001,orange,0.0,not chp,not chp,not chp,0D3,WEST KATELLA AV,SOUTH ANAHEIM BL,137.0,west,0.0,cloudy,0.0,,,,,,,1.0,pain,0.0,2.0,4.0,vehicle code violation,speeding,22350.0,,not hit and run,rear end,other motor vehicle,no pedestrian involved,dry,normal,daylight,none,0,0,0,0,0,1.0,passenger car,sport utility vehicle,0,0,2,0,0,0,0,0,0.0,,,2018-06-30,09:02:00,2018-07-19
8406453.0,3610.0,50872,,not chp,100000 to 250000,3610,san bernardino,0.0,not chp,not chp,not chp,,W 9TH ST,N D ST,0.0,,1.0,clear,0.0,,,,,,,0.0,pain,0.0,1.0,2.0,vehicle code violation,traffic signals and signs,21453.0,A,felony,broadside,other motor vehicle,no pedestrian involved,dry,normal,daylight,functioning,0,0,0,0,0,1.0,,,0,0,1,0,0,0,0,0,0.0,34.11078,-117.3005,2017-06-08,18:30:00,2017-08-04
475350.0,3000.0,3002,892E5,not chp,50000 to 100000,3028,orange,0.0,not chp,not chp,not chp,752,LA PAZ RD,CHRISANTA DR,0.0,,1.0,clear,0.0,,,,,,,1.0,property damage only,0.0,0.0,2.0,vehicle code violation,automobile right of way,21800.0,D,not hit and run,broadside,other motor vehicle,no pedestrian involved,dry,normal,daylight,not functioning,0,0,0,0,0,1.0,passenger car,,0,0,0,0,0,0,0,0,0.0,,,2002-10-02,07:20:00,2003-02-18
90655447.0,9590.0,015985,,0600 thru 1359,>250000,1942,los angeles,0.0,chp state highway,interstate,chp other,010,SR-110 N/B (ARROYO SECO PKWY),I-5,600.0,south,0.0,clear,1.0,,,,,,,1.0,property damage only,0.0,0.0,3.0,vehicle code violation,speeding,22350.0,,not hit and run,rear end,other motor vehicle,no pedestrian involved,dry,normal,daylight,none,0,0,0,0,0,1.0,passenger car,"passenger car, station",0,0,0,0,0,0,0,0,0.0,34.08041,-118.22576,2018-02-05,07:55:00,2018-02-05
1699012.0,9220.0,010746,,0600 thru 1359,unincorporated,3100,placer,0.0,chp state highway,interstate,chp other,283,RT 80,ILLINOISTOWN RD,3960.0,west,0.0,clear,1.0,placer,3.0,80.0,31.04,highway,westbound,1.0,property damage only,0.0,0.0,1.0,vehicle code violation,speeding,22350.0,,not hit and run,overturned,non-collision,no pedestrian involved,dry,normal,daylight,none,1,0,0,0,0,1.0,pickup or panel truck,pickups & panels,0,0,0,0,0,0,0,0,0.0,,,2004-10-21,13:30:00,2005-09-23
3470155.0,9575.0,14341,,0600 thru 1359,100000 to 250000,1953,los angeles,0.0,chp state highway,interstate,chp other,063,RT 210,LINCOLN AV,200.0,west,0.0,clear,1.0,los angeles,7.0,210.0,24.13,highway,eastbound,0.0,property damage only,0.0,0.0,2.0,vehicle code violation,unsafe lane change,21658.0,A,misdemeanor,sideswipe,other motor vehicle,no pedestrian involved,dry,normal,daylight,none,1,0,0,0,1,1.0,,unknown hit and run vehicle involvement,0,0,0,0,0,0,0,0,0.0,,,2007-11-15,10:30:00,2008-06-11
2969086.0,9745.0,10085,,1400 thru 2159,unincorporated,4000,san luis obispo,0.0,chp state highway,us highway,chp primary,101,RT 101,RESERVOIR CANYON RD,100.0,south,0.0,clear,1.0,san luis obispo,5.0,101.0,31.13,highway,southbound,0.0,property damage only,0.0,0.0,2.0,vehicle code violation,following too closely,21703.0,,not hit and run,rear end,other motor vehicle,no pedestrian involved,dry,normal,daylight,none,5,0,0,0,0,1.0,passenger car,sport utility vehicle,0,0,0,0,0,0,0,0,0.0,,,2006-12-20,16:55:00,2007-04-24
2811947.0,1900.0,457511,,not chp,50000 to 100000,1952,los angeles,0.0,not chp,not chp,not chp,,GARFIELD AV,MENDY ST,36.0,north,0.0,clear,0.0,,,,,,,1.0,property damage only,0.0,0.0,2.0,vehicle code violation,improper turning,22107.0,,not hit and run,rear end,parked motor vehicle,no pedestrian involved,dry,normal,daylight,functioning,0,0,0,0,0,1.0,,,0,0,0,0,0,0,0,0,0.0,,,2006-09-17,16:17:00,2006-12-29
90876401.0,9550.0,021950,,1400 thru 2159,unincorporated,1900,los angeles,0.0,chp state highway,state route,chp other,601,STATE ROUTE 60 EASTBOUND,AZUSA AVENUE,2000.0,west,0.0,clear,1.0,,,,,,,0.0,property damage only,0.0,0.0,2.0,vehicle code violation,improper turning,22107.0,,misdemeanor,sideswipe,other motor vehicle,no pedestrian involved,dry,normal,dark with street lights,none,0,0,0,0,0,1.0,passenger car,"passenger car, station",0,0,0,0,0,0,0,0,0.0,33.99934,-117.94006,2018-12-01,20:10:00,2018-12-05
3067973.0,9680.0,17224,,1400 thru 2159,unincorporated,3700,san diego,0.0,chp county roadarea,county road area,chp other,003,SOUTH GRADE RD,TAVERN RD,2640.0,east,,clear,0.0,,,,,,,0.0,property damage only,0.0,0.0,2.0,vehicle code violation,automobile right of way,21802.0,A,not hit and run,broadside,other motor vehicle,no pedestrian involved,dry,normal,dark with street lights,functioning,0,0,0,0,0,1.0,passenger car,"passenger car, station",0,0,0,0,0,0,0,0,0.0,,,2007-03-01,20:55:00,2007-06-29
2710064.0,9765.0,16739,,0600 thru 1359,25000 to 50000,5606,ventura,0.0,chp state highway,state route,chp other,040,RT 126,PECK RD,528.0,west,0.0,clear,1.0,ventura,7.0,126.0,10.27,highway,eastbound,1.0,property damage only,0.0,0.0,1.0,vehicle code violation,improper turning,22107.0,,not hit and run,overturned,non-collision,no pedestrian involved,dry,normal,daylight,none,1,0,0,0,0,1.0,passenger car,sport utility vehicle,0,0,0,0,0,0,0,0,0.0,,,2006-06-04,08:35:00,2006-10-31
4190200.0,3008.0,1149,,not chp,100000 to 250000,3008,orange,0.0,not chp,not chp,not chp,002,HARBOR BL,ORANGEFAIR AV,75.0,north,0.0,clear,0.0,,,,,,,1.0,pain,0.0,1.0,3.0,vehicle code violation,speeding,22350.0,,not hit and run,rear end,other motor vehicle,no pedestrian involved,dry,normal,daylight,none,0,0,0,0,0,1.0,passenger car,"passenger car, station",0,0,1,0,0,0,0,0,0.0,,,2009-04-07,17:20:00,2009-12-08
5949179.0,9840.0,16884,,2200 thru 0559,100000 to 250000,3315,riverside,0.0,chp state highway,state route,chp other,030,RT 91,SERFAS CLUB DR,200.0,west,0.0,raining,1.0,riverside,8.0,91.0,3.67,highway,eastbound,1.0,property damage only,0.0,0.0,1.0,vehicle code violation,improper turning,22107.0,,not hit and run,hit object,fixed object,no pedestrian involved,wet,normal,dark with street lights,none,1,0,0,0,0,1.0,passenger car,"passenger car, station",0,0,0,0,0,0,0,0,0.0,33.88115,-117.61482,2013-01-24,05:45:00,2015-01-16
3.711010927145505e+18,3711.0,4938,0,not chp,>250000,3711,san diego,,not chp,not chp,not chp,529,2 AV,HAWTHORN,0.0,,1.0,clear,0.0,,0.0,0.0,0.0,,,1.0,other injury,0.0,2.0,2.0,vehicle code violation,automobile right of way,21802.0,A,not hit and run,sideswipe,other motor vehicle,no pedestrian involved,dry,normal,daylight,functioning,0,0,0,0,0,1.0,passenger car,00,0,1,1,0,0,0,0,0,0.0,,,2001-09-27,14:55:00,2001-11-21
2980128.0,602.0,26,,not chp,2500 to 10000,602,colusa,0.0,not chp,not chp,not chp,,E ST,RT 5,0.0,,1.0,clear,1.0,colusa,3.0,5.0,18.116,ramp,northbound,0.0,property damage only,0.0,0.0,2.0,vehicle code violation,unsafe starting or backing,22106.0,,not hit and run,rear end,other motor vehicle,no pedestrian involved,dry,normal,dark with street lights,none,0,0,0,0,1,1.0,truck or truck tractor with trailer,two axle tank truck,0,0,0,0,0,0,0,0,0.0,,,2006-10-05,20:09:00,2007-04-05
2547340.0,3400.0,1137,2,not chp,50000 to 100000,3447,sacramento,0.0,not chp,not chp,not chp,,SUNRISE BL,ANTELOPE RD,230.0,north,0.0,clear,0.0,,,,,,,1.0,pain,0.0,2.0,2.0,vehicle code violation,automobile right of way,21801.0,A,not hit and run,sideswipe,other motor vehicle,no pedestrian involved,dry,normal,daylight,none,0,0,0,0,0,1.0,pickup or panel truck,,0,0,2,0,0,0,0,0,0.0,,,2006-03-15,11:30:00,2006-06-23
5164430.0,9550.0,17511,,1400 thru 2159,50000 to 100000,1990,los angeles,0.0,chp state highway,state route,chp other,571,RT 57,DIAMOND BAR BL,500.0,north,0.0,clear,1.0,los angeles,7.0,57.0,2.06,highway,northbound,1.0,pain,0.0,2.0,3.0,vehicle code violation,speeding,22350.0,,not hit and run,rear end,other motor vehicle,no pedestrian involved,dry,normal,daylight,none,1,0,0,0,0,1.0,passenger car,"passenger car, station",0,0,2,0,0,0,0,0,0.0,33.96948,-117.84789,2011-04-22,16:10:00,2012-10-16
9047155.0,4313.0,4770,SAM,not chp,>250000,4313,santa clara,0.0,not chp,not chp,not chp,SAM5,ALMA AV,VINE ST,0.0,,1.0,raining,0.0,,,,,,,1.0,pain,0.0,4.0,2.0,unknown,unknown,,,not hit and run,head-on,other motor vehicle,no pedestrian involved,wet,normal,dark with street lights,functioning,0,0,0,0,0,1.0,,,0,0,4,0,0,0,0,0,0.0,,,2019-12-24,23:38:00,2020-03-03
809185.0,9535.0,17308,,1400 thru 2159,unincorporated,1900,los angeles,0.0,chp county roadline,county road line,chp other,015,FORD BL,FISHER ST,50.0,south,0.0,clear,0.0,,,,,,,0.0,property damage only,0.0,0.0,1.0,vehicle code violation,improper turning,22107.0,,misdemeanor,hit object,fixed object,no pedestrian involved,dry,normal,dark with street lights,none,0,0,0,0,0,1.0,passenger car,"passenger car, station",0,0,0,0,0,0,0,0,0.0,,,2003-04-06,18:30:00,2003-07-26
3.0040109020640005e+18,3004.0,495,20,not chp,100000 to 250000,3004,orange,,not chp,not chp,not chp,008,FAIRVIEW RD,RT 405 SBOFF/R,0.0,,1.0,clear,1.0,orange,12.0,405.0,10.933,ramp,southbound,1.0,other injury,0.0,2.0,2.0,vehicle code violation,speeding,22350.0,,not hit and run,broadside,other motor vehicle,no pedestrian involved,dry,normal,daylight,functioning,0,0,0,0,0,1.0,passenger car,00,0,2,0,0,0,0,0,0,0.0,,,2001-09-02,06:40:00,2002-03-01
1519099.0,9750.0,15915,,1400 thru 2159,unincorporated,4200,santa barbara,0.0,chp state highway,state route,chp primary,022,RT 1,RT 135,3168.0,south,0.0,clear,1.0,santa barbara,5.0,1.0,34.16,highway,northbound,1.0,other injury,0.0,2.0,1.0,vehicle code violation,improper turning,22107.0,,not hit and run,overturned,non-collision,no pedestrian involved,dry,normal,daylight,none,1,0,0,0,0,1.0,pickup or panel truck,pickups & panels,0,1,1,0,0,0,0,0,0.0,,,2004-07-05,16:38:00,2005-03-04
4216971.0,1942.0,35199,1454,not chp,>250000,1942,los angeles,0.0,not chp,not chp,not chp,14TL52,CULVER BL,RT 90,237.0,east,0.0,clear,1.0,los angeles,7.0,90.0,1.746,intersection,eastbound,1.0,other injury,0.0,1.0,1.0,vehicle code violation,speeding,22350.0,,not hit and run,hit object,fixed object,no pedestrian involved,dry,normal,daylight,none,0,0,0,0,0,1.0,passenger car,"passenger car, station",0,1,0,0,0,0,0,0,0.0,,,2009-04-16,12:05:00,2010-05-28
90033702.0,9365.0,018799,,1400 thru 2159,50000 to 100000,4803,solano,0.0,chp state highway,state route,chp other,122,SR-12 E/B,CHADBOURNE RD,20.0,west,0.0,clear,1.0,,,,,,,0.0,property damage only,0.0,0.0,2.0,vehicle code violation,speeding,22350.0,,not hit and run,rear end,other motor vehicle,no pedestrian involved,dry,normal,daylight,none,0,0,0,0,0,1.0,passenger car,"passenger car, station",0,0,0,0,0,0,0,0,0.0,38.23981,-122.08217,2015-10-09,17:35:00,2015-10-19
3720265.0,109.0,8881,2,not chp,>250000,109,alameda,0.0,not chp,not chp,not chp,23X,HIGH ST,SAN LEANDRO ST,0.0,,1.0,clear,0.0,,,,,,,1.0,other injury,0.0,2.0,2.0,vehicle code violation,traffic signals and signs,21453.0,A,misdemeanor,head-on,other motor vehicle,no pedestrian involved,dry,normal,dark with street lights,functioning,0,0,0,0,0,1.0,passenger car,"passenger car, station",0,1,1,0,0,0,0,0,0.0,,,2008-04-06,04:49:00,2008-10-23
5124092.0,4203.0,3596,,not chp,50000 to 100000,4203,santa barbara,0.0,not chp,not chp,not chp,004,DE LA VINA ST,W MISSION ST,287.0,north,0.0,clear,0.0,,,,,,,1.0,severe injury,0.0,1.0,2.0,vehicle code violation,unsafe lane change,21658.0,A,not hit and run,broadside,other motor vehicle,no pedestrian involved,dry,normal,daylight,functioning,0,0,0,0,0,1.0,,,1,0,0,0,0,0,0,0,0.0,34.2545,-119.43031,2011-02-22,12:38:00,2012-04-11
90244950.0,9420.0,017146,,0600 thru 1359,unincorporated,1500,kern,0.0,chp county roadarea,county road area,chp other,410,JACK RANCH RD.,OLD STAGE RD.,5280.0,south,0.0,clear,0.0,,,,,,,1.0,pain,0.0,1.0,1.0,vehicle code violation,speeding,22350.0,,not hit and run,overturned,non-collision,no pedestrian involved,dry,normal,daylight,none,0,0,0,0,1,1.0,truck or truck tractor,three or more axle truck,0,0,1,0,0,0,0,0,0.0,35.7786,-118.70241,2016-08-09,13:00:00,2016-08-15
4924343.0,1925.0,22310,154,not chp,100000 to 250000,1925,los angeles,0.0,not chp,not chp,not chp,004,E CHEVY CHASE DR,LAIRD DR,250.0,east,0.0,raining,0.0,,,,,,,0.0,property damage only,0.0,0.0,1.0,vehicle code violation,speeding,22350.0,,not hit and run,sideswipe,fixed object,no pedestrian involved,wet,normal,daylight,none,0,0,0,0,0,1.0,passenger car,,0,0,0,0,0,0,0,0,0.0,,,2010-10-17,08:30:00,2012-02-08
90912482.0,9325.0,015674,,0600 thru 1359,unincorporated,2800,napa,0.0,chp state highway,state route,chp primary,022,SR-29,HOFFMAN LN,575.0,south,0.0,cloudy,1.0,,,,,,,1.0,pain,0.0,1.0,1.0,vehicle code violation,improper turning,22107.0,,not hit and run,overturned,non-collision,no pedestrian involved,wet,normal,daylight,none,0,0,0,0,0,1.0,passenger car,"passenger car, station",0,0,1,0,0,0,0,0,0.0,38.3842,-122.3484,2019-01-16,13:18:00,2019-01-25
6878992.0,3001.0,1740,,not chp,>250000,3001,orange,0.0,not chp,not chp,not chp,0D2,MEADOWBROOK PL,BEVERLY DR,19.0,south,0.0,clear,0.0,,,,,,,0.0,property damage only,0.0,0.0,1.0,vehicle code violation,improper turning,22107.0,,not hit and run,hit object,fixed object,no pedestrian involved,dry,normal,daylight,none,0,0,0,0,0,1.0,passenger car,"passenger car, station",0,0,0,0,0,0,0,0,0.0,,,2015-04-03,14:44:00,2015-09-22
9095895.0,1900.0,610437,0455,not chp,100000 to 250000,1949,los angeles,0.0,not chp,not chp,not chp,43T1/D,ALONDRA BL,MAIDSTONE AV,0.0,,1.0,clear,0.0,,,,,,,0.0,property damage only,0.0,0.0,2.0,vehicle code violation,traffic signals and signs,21453.0,A,not hit and run,broadside,other motor vehicle,no pedestrian involved,dry,normal,daylight,functioning,0,0,0,0,0,1.0,passenger car,"passenger car, station",0,0,0,0,0,0,0,0,0.0,,,2020-04-06,12:44:00,2020-07-23
818129.0,4311.0,G8223,4311,not chp,50000 to 100000,4311,santa clara,0.0,not chp,not chp,not chp,004,CENTRAL EXPWY,CASTRO ST,610.0,east,0.0,clear,0.0,,,,,,,0.0,property damage only,0.0,0.0,2.0,vehicle code violation,speeding,22350.0,,not hit and run,rear end,other motor vehicle,no pedestrian involved,dry,obstruction,daylight,none,0,0,0,0,0,1.0,passenger car,,0,0,0,0,0,0,0,0,0.0,,,2003-05-18,16:47:00,2003-07-29
5182133.0,9252.0,16808,,0600 thru 1359,unincorporated,3400,sacramento,0.0,chp county roadline,county road line,chp primary,071,FRUIT RIDGE RD,DEWEY DR,20.0,east,0.0,clear,0.0,,,,,,,0.0,pain,0.0,2.0,2.0,vehicle code violation,speeding,22350.0,,not hit and run,rear end,other motor vehicle,no pedestrian involved,dry,normal,daylight,none,0,0,0,0,0,1.0,passenger car,"passenger car, station",0,0,2,0,0,0,0,0,0.0,38.5248,-121.4471,2011-04-05,09:57:00,2012-05-24
9123967.0,1900.0,624624,0333,not chp,25000 to 50000,1939,los angeles,0.0,not chp,not chp,not chp,35T1,173RD ST,GREVILLEA AV,21.0,west,0.0,clear,0.0,,,,,,,0.0,property damage only,0.0,0.0,2.0,vehicle code violation,dui,23152.0,A,not hit and run,rear end,other motor vehicle,no pedestrian involved,dry,normal,daylight,functioning,0,0,0,0,0,1.0,passenger car,"passenger car, station",0,0,0,0,0,0,0,0,0.0,33.87382,-118.35492,2020-05-18,17:18:00,2020-08-31
90415564.0,9720.0,021248,,1400 thru 2159,unincorporated,4400,santa cruz,0.0,chp state highway,state route,chp other,020,SR-1 N/B,RIO DEL MAR BLVD,3168.0,north,0.0,clear,1.0,,,,,,,0.0,pain,0.0,2.0,2.0,vehicle code violation,speeding,22350.0,,not hit and run,rear end,other motor vehicle,no pedestrian involved,dry,normal,daylight,none,0,0,0,0,0,1.0,passenger car,sport utility vehicle,0,0,2,0,0,0,0,0,0.0,36.97501,-121.89707,2017-03-12,14:14:00,2017-03-20
5991986.0,3300.0,3280,910A,not chp,50000 to 100000,3335,riverside,0.0,not chp,not chp,not chp,062,MARGARITA RD,HARVESTON WY,1002.0,south,0.0,clear,0.0,,,,,,,0.0,pain,0.0,1.0,1.0,vehicle code violation,improper turning,22107.0,,not hit and run,hit object,bicycle,no pedestrian involved,dry,normal,dark with no street lights,none,0,0,1,0,0,1.0,bicycle,bicycle,0,0,1,0,0,0,1,0,0.0,,,2013-03-10,19:58:00,2014-02-08
2993475.0,103.0,140,20,not chp,100000 to 250000,103,alameda,0.0,not chp,not chp,not chp,017,GILMAN ST,RT 80,0.0,,1.0,cloudy,1.0,alameda,4.0,80.0,6.822,ramp,westbound,1.0,property damage only,0.0,0.0,2.0,vehicle code violation,other hazardous violation,21461.0,A,misdemeanor,sideswipe,other motor vehicle,no pedestrian involved,wet,normal,daylight,functioning,0,0,0,0,0,1.0,,unknown hit and run vehicle involvement,0,0,0,0,0,0,0,0,0.0,,,2006-12-13,09:55:00,2007-04-26
435370.0,9465.0,013082,,0600 thru 1359,unincorporated,5000,stanislaus,0.0,chp state highway,state route,chp other,023,RT 120,WAMBLE RD,0.0,,1.0,clear,1.0,stanislaus,10.0,120.0,9.24,intersection,eastbound,1.0,other injury,0.0,2.0,2.0,vehicle code violation,dui,23152.0,A,not hit and run,broadside,other motor vehicle,no pedestrian involved,dry,normal,daylight,functioning,0,0,0,0,0,1.0,passenger car,"passenger car, station",0,1,1,0,0,0,0,0,0.0,,,2002-09-15,09:05:00,2003-05-12
90822116.0,9870.0,018467,,0600 thru 1359,unincorporated,3600,san bernardino,0.0,chp state highway,state route,chp other,021,STATE ROUTE 247,LINN ROAD,85.0,north,0.0,clear,1.0,,,,,,,1.0,other injury,0.0,1.0,2.0,vehicle code violation,automobile right of way,21801.0,A,not hit and run,overturned,non-collision,no pedestrian involved,dry,normal,daylight,functioning,0,0,0,0,0,1.0,passenger car,sport utility vehicle,0,1,0,0,0,0,0,0,0.0,34.2955,-116.4621,2018-09-19,13:54:00,2018-09-26
90200753.0,9760.0,018431,,1400 thru 2159,25000 to 50000,4214,santa barbara,0.0,chp state highway,us highway,chp primary,030,US-101 N/B,STORKE RD.,1000.0,south,0.0,clear,1.0,,,,,,,0.0,property damage only,0.0,0.0,3.0,vehicle code violation,following too closely,21703.0,,not hit and run,rear end,other motor vehicle,no pedestrian involved,dry,normal,daylight,none,0,0,0,0,0,1.0,pickup or panel truck,pickups & panels,0,0,0,0,0,0,0,0,0.0,34.43625,-119.86108,2016-06-01,15:50:00,2016-06-14
